dataset,store,group,fps,n_frames,hr_label,lag_s,r,best_lag_s,best_r
MCD,mcd_phase3_rc_none.h5,1024_after,31.33224714876551,5266,74.6,-0.505,0.357,-0.505,0.357
MCD,mcd_phase3_rc_none.h5,1035_before,31.331265469812326,5256,70.8,-0.44,0.435,-0.44,0.435
MCD,mcd_phase3_rc_none.h5,1097_before,31.33224714876551,5235,96.6,-1.0,0.063,0.755,0.074
MCD,mcd_phase3_rc_none.h5,1149_after,31.333228889237038,5288,73.2,-0.49,0.6,-0.49,0.6
MCD,mcd_phase3_rc_none.h5,1181_after,31.329302296437856,5274,114.4,-0.92,0.109,-0.92,0.109
MCD,mcd_phase3_rc_none.h5,1234_after,31.33224714876551,5185,78.3,-0.62,0.317,-0.62,0.317
MCD,mcd_phase3_rc_none.h5,1266_before,31.33224714876551,5233,63.2,-0.98,0.525,-0.98,0.525
MCD,mcd_phase3_rc_none.h5,1287_before,31.3302838523717,5294,119.7,-0.465,0.11,0.535,0.132
MCD,mcd_phase3_rc_none.h5,1543_before,31.331265469812326,5274,70.2,-0.345,0.213,-0.345,0.213
MCD,mcd_phase3_rc_none.h5,1610_after,31.3302838523717,5281,106.8,-0.71,0.414,-0.71,0.414
MCD,mcd_phase3_rc_none.h5,1745_after,31.329302296437856,5294,79.5,-0.72,0.331,-0.72,0.331
MCD,mcd_phase3_rc_none.h5,2153_before,31.22658006495129,5238,83.0,-0.75,0.484,-0.75,0.484
MCD,mcd_phase3_rc_none.h5,2638_before,31.331265469812326,5287,80.0,-0.76,0.215,-0.76,0.215
MCD,mcd_phase3_rc_none.h5,2651_before,31.33224714876551,5199,99.4,-0.52,0.383,-0.52,0.383
MCD,mcd_phase3_rc_none.h5,3326_before,31.33224714876551,5296,88.0,-0.97,0.488,-0.97,0.488
MCD,mcd_phase3_rc_none.h5,3375_after,31.328320802005017,5290,104.8,-0.715,0.352,-0.715,0.352
MCD,mcd_phase3_rc_none.h5,3526_before,31.33224714876551,5297,83.4,-0.86,0.221,-0.86,0.221
MCD,mcd_phase3_rc_none.h5,3529_before,31.33224714876551,5303,71.3,-0.465,0.724,-0.465,0.724
MCD,mcd_phase3_rc_none.h5,4295_after,31.3302838523717,5290,92.0,-1.0,0.28,-1.0,0.28
MCD,mcd_phase3_rc_none.h5,4307_after,31.33224714876551,5282,115.0,-0.755,0.076,-0.755,0.076
MCD,mcd_phase3_rc_none.h5,4356_before,31.33224714876551,5221,100.5,-0.61,0.342,-0.61,0.342
MCD,mcd_phase3_rc_none.h5,4546_after,31.329302296437856,5288,105.2,-0.755,0.386,-0.755,0.386
MCD,mcd_phase3_rc_none.h5,4936_after,31.33224714876551,5295,62.5,-1.0,0.647,-1.0,0.647
MCD,mcd_phase3_rc_none.h5,5078_before,31.3302838523717,5303,86.8,-0.94,0.683,-0.94,0.683
MCD,mcd_phase3_rc_none.h5,5138_before,31.33224714876551,5274,77.4,-0.705,0.307,-0.705,0.307
MCD,mcd_phase3_rc_none.h5,5148_before,31.228530385360063,5293,94.5,-1.0,0.252,-1.0,0.252
MCD,mcd_phase3_rc_none.h5,5483_before,31.329302296437856,5281,73.0,-0.505,0.163,-0.505,0.163
MCD,mcd_phase3_rc_none.h5,5486_after,31.331265469812326,5259,92.9,-0.51,0.11,0.13,0.111
MCD,mcd_phase3_rc_none.h5,5526_after,31.33224714876551,5302,74.8,-0.585,0.687,-0.585,0.687
MCD,mcd_phase3_rc_none.h5,5563_before,31.329302296437856,5289,55.1,-0.835,0.862,-0.835,0.862
MCD,mcd_phase3_rc_none.h5,5587_after,31.331265469812326,5281,94.3,-0.465,0.279,-0.465,0.279
MCD,mcd_phase3_rc_none.h5,5948_before,31.331265469812326,5275,83.7,-0.825,0.354,-0.825,0.354
MCD,mcd_phase3_rc_none.h5,6137_before,31.33224714876551,5295,66.7,-0.27,0.722,-0.255,0.725
MCD,mcd_phase3_rc_none.h5,6193_before,31.33224714876551,5300,79.1,-0.78,0.203,-0.78,0.203
MCD,mcd_phase3_rc_none.h5,6255_after,31.3302838523717,5281,97.9,-0.57,0.311,-0.57,0.311
MCD,mcd_phase3_rc_none.h5,6304_after,31.33224714876551,5289,77.8,-0.59,0.24,-0.59,0.24
MCD,mcd_phase3_rc_none.h5,6420_after,31.329302296437856,5252,97.7,-0.41,0.085,0.875,0.106
MCD,mcd_phase3_rc_none.h5,6427_after,31.331265469812326,5276,113.7,-0.85,0.158,-0.85,0.158
MCD,mcd_phase3_rc_none.h5,6503_before,31.331265469812326,5245,76.0,-0.675,0.168,-0.675,0.168
MCD,mcd_phase3_rc_none.h5,6678_before,31.3302838523717,5281,66.2,-1.0,0.448,-0.15,0.456
MCD,mcd_phase3_rc_none.h5,6968_after,31.331265469812326,5208,84.8,-0.91,0.377,-0.91,0.377
MCD,mcd_phase3_rc_none.h5,7050_before,31.331265469812326,5290,68.6,-0.455,0.161,-0.455,0.161
MCD,mcd_phase3_rc_none.h5,7142_before,31.33224714876551,5269,82.4,-0.735,0.376,-0.735,0.376
MCD,mcd_phase3_rc_none.h5,7473_after,31.3302838523717,5291,87.0,-0.83,0.217,-0.83,0.217
MCD,mcd_phase3_rc_none.h5,7576_after,31.33224714876551,5289,56.9,-0.845,0.754,-0.845,0.754
MCD,mcd_phase3_rc_none.h5,7695_after,31.331265469812326,5293,116.8,-0.92,0.256,-0.92,0.256
MCD,mcd_phase3_rc_none.h5,7793_after,31.331265469812326,5289,100.9,-1.0,0.071,-1.0,0.071
MCD,mcd_phase3_rc_none.h5,7927_after,31.331265469812326,5300,93.6,-0.93,0.233,-0.93,0.233
MCD,mcd_phase3_rc_none.h5,7942_after,31.33224714876551,5295,84.9,-0.85,0.396,-0.85,0.396
MCD,mcd_phase3_rc_none.h5,8377_after,31.331265469812326,5289,77.5,-0.695,0.711,-0.695,0.711
MCD,mcd_phase3_rc_none.h5,8384_after,31.3302838523717,5293,82.0,-0.825,0.498,-0.825,0.498
MCD,mcd_phase3_rc_none.h5,8540_after,31.331265469812326,5301,65.3,-0.26,0.505,-0.25,0.506
MCD,mcd_phase3_rc_none.h5,8718_before,31.328320802005017,5293,95.9,-1.0,0.1,-1.0,0.1
MCD,mcd_phase3_rc_none.h5,9028_before,31.33224714876551,5229,75.5,-0.55,0.43,-0.55,0.43
MCD,mcd_phase3_rc_none.h5,9283_before,31.33224714876551,5266,92.5,-1.0,0.114,-1.0,0.114
MCD,mcd_phase3_rc_none.h5,9597_after,31.328320802005017,5269,82.8,-0.725,0.224,-0.725,0.224
MCD,mcd_phase3_rc_none.h5,9833_after,31.331265469812326,5275,77.0,-0.59,0.446,-0.59,0.446
MCD,mcd_phase3_rc_none.h5,9940_before,31.329302296437856,5281,103.2,-0.67,0.352,-0.67,0.352
MCD,mcd_phase3_rc_none.h5,9968_after,31.33224714876551,5275,92.7,-0.965,0.26,-0.965,0.26
MCD,mcd_phase3_rc_none.h5,9980_after,31.3302838523717,5269,98.1,-1.0,0.144,-1.0,0.144
DLCN,dlcn_phase3_rc_none.h5,P11_2,30.0,1801,87.0,0.095,0.52,0.095,0.52
DLCN,dlcn_phase3_rc_none.h5,P13_4,30.0,1802,97.9,0.055,0.295,0.655,0.306
DLCN,dlcn_phase3_rc_none.h5,P13_5,30.0,1802,104.9,0.1,0.583,0.1,0.583
DLCN,dlcn_phase3_rc_none.h5,P16_7,30.0,1802,99.9,0.03,0.389,0.03,0.389
DLCN,dlcn_phase3_rc_none.h5,P1_3,30.0,1801,89.0,0.11,0.497,0.11,0.497
DLCN,dlcn_phase3_rc_none.h5,P20_5,30.0,1801,102.9,0.13,0.387,0.13,0.387
DLCN,dlcn_phase3_rc_none.h5,P22_6,30.0,1801,84.0,0.12,0.348,0.12,0.348
DLCN,dlcn_phase3_rc_none.h5,P26_1,30.0,1802,100.9,-0.01,0.705,-0.01,0.705
DLCN,dlcn_phase3_rc_none.h5,P29_6,30.0,1802,109.9,0.005,0.598,0.55,0.602
DLCN,dlcn_phase3_rc_none.h5,P2_1,30.0,1801,85.0,0.035,0.729,0.035,0.729
DLCN,dlcn_phase3_rc_none.h5,P2_2,30.0,1801,85.0,0.03,0.677,0.03,0.677
DLCN,dlcn_phase3_rc_none.h5,P33_2,30.0,1802,87.9,0.04,0.742,0.04,0.742
DLCN,dlcn_phase3_rc_none.h5,P37_8,30.0,1801,95.9,0.05,0.15,0.685,0.17
DLCN,dlcn_phase3_rc_none.h5,P38_2,30.0,1802,92.9,0.06,0.732,0.06,0.732
DLCN,dlcn_phase3_rc_none.h5,P41_5,30.0,1801,90.9,0.12,0.657,0.12,0.657
DLCN,dlcn_phase3_rc_none.h5,P41_8,30.0,1801,96.9,0.06,0.238,0.67,0.371
DLCN,dlcn_phase3_rc_none.h5,P44_8,30.0,1801,76.0,0.04,0.518,0.04,0.518
DLCN,dlcn_phase3_rc_none.h5,P47_4,30.0,1801,68.0,0.085,0.53,0.085,0.53
DLCN,dlcn_phase3_rc_none.h5,P49_2,30.0,1801,74.0,0.095,0.488,0.095,0.488
DLCN,dlcn_phase3_rc_none.h5,P49_8,30.0,1802,61.9,0.06,0.428,0.06,0.428
DLCN,dlcn_phase3_rc_none.h5,P50_1,30.0,1801,76.0,0.035,0.707,0.035,0.707
DLCN,dlcn_phase3_rc_none.h5,P50_3,30.0,1802,86.9,0.055,0.331,-0.625,0.333
DLCN,dlcn_phase3_rc_none.h5,P50_6,30.0,1801,99.9,0.1,0.402,0.1,0.402
DLCN,dlcn_phase3_rc_none.h5,P52_8,30.0,1801,83.0,0.07,0.397,0.07,0.397
DLCN,dlcn_phase3_rc_none.h5,P53_3,30.0,1802,65.9,0.05,0.611,0.05,0.611
DLCN,dlcn_phase3_rc_none.h5,P55_3,30.0,1801,63.0,0.1,0.756,0.1,0.756
DLCN,dlcn_phase3_rc_none.h5,P55_5,30.0,1801,56.0,0.145,0.837,0.145,0.837
DLCN,dlcn_phase3_rc_none.h5,P56_1,30.0,1802,59.9,0.04,0.838,0.04,0.838
DLCN,dlcn_phase3_rc_none.h5,P58_4,30.0,1802,95.9,0.03,0.251,-0.59,0.275
DLCN,dlcn_phase3_rc_none.h5,P58_5,30.0,1802,90.9,0.075,0.744,0.075,0.744
DLCN,dlcn_phase3_rc_none.h5,P59_5,30.0,1802,100.9,0.055,0.513,0.055,0.513
DLCN,dlcn_phase3_rc_none.h5,P61_5,30.0,1802,71.9,0.06,0.587,0.06,0.587
DLCN,dlcn_phase3_rc_none.h5,P63_4,30.0,1802,90.9,0.05,0.61,-0.615,0.616
DLCN,dlcn_phase3_rc_none.h5,P64_5,30.0,1801,83.0,0.065,0.35,0.065,0.35
DLCN,dlcn_phase3_rc_none.h5,P64_8,30.0,1801,107.9,-0.015,0.262,-0.015,0.262
DLCN,dlcn_phase3_rc_none.h5,P66_7,30.0,1802,75.9,0.14,0.491,0.14,0.491
DLCN,dlcn_phase3_rc_none.h5,P73_2,30.0,1801,86.0,0.045,0.388,0.045,0.388
DLCN,dlcn_phase3_rc_none.h5,P73_3,30.0,1802,80.9,0.095,0.567,0.095,0.567
DLCN,dlcn_phase3_rc_none.h5,P74_3,30.0,1801,66.0,0.09,0.707,0.09,0.707
DLCN,dlcn_phase3_rc_none.h5,P74_8,30.0,1801,79.0,0.115,0.512,0.115,0.512
DLCN,dlcn_phase3_rc_none.h5,P75_6,30.0,1802,75.9,0.11,0.528,0.11,0.528
DLCN,dlcn_phase3_rc_none.h5,P76_1,30.0,1805,61.8,-0.02,0.709,-0.02,0.709
DLCN,dlcn_phase3_rc_none.h5,P79_3,30.0,1801,90.0,0.03,0.554,0.03,0.554
DLCN,dlcn_phase3_rc_none.h5,P82_5,30.0,1802,103.9,0.105,0.709,0.105,0.709
DLCN,dlcn_phase3_rc_none.h5,P83_5,30.0,1801,85.0,0.13,0.497,0.13,0.497
DLCN,dlcn_phase3_rc_none.h5,P83_6,30.0,1801,88.0,0.095,0.491,0.095,0.491
DLCN,dlcn_phase3_rc_none.h5,P84_2,30.0,1801,81.0,0.01,0.539,0.01,0.539
DLCN,dlcn_phase3_rc_none.h5,P87_5,30.0,1801,95.9,0.115,0.176,0.115,0.176
DLCN,dlcn_phase3_rc_none.h5,P89_4,30.0,1801,97.9,0.06,0.323,0.67,0.353
DLCN,dlcn_phase3_rc_none.h5,P89_5,30.0,1801,96.9,0.11,0.355,0.11,0.355
DLCN,dlcn_phase3_rc_none.h5,P90_7,30.0,1801,114.9,0.03,0.383,0.03,0.383
DLCN,dlcn_phase3_rc_none.h5,P91_5,30.0,1801,93.9,0.07,0.769,0.07,0.769
DLCN,dlcn_phase3_rc_none.h5,P91_7,30.0,1802,90.9,0.11,0.382,0.11,0.382
DLCN,dlcn_phase3_rc_none.h5,P92_4,30.0,1802,101.9,-0.025,0.226,-0.025,0.226
DLCN,dlcn_phase3_rc_none.h5,P95_1,30.0,1802,90.9,0.025,0.513,0.025,0.513
DLCN,dlcn_phase3_rc_none.h5,P95_4,30.0,1802,90.9,-0.025,0.286,-0.025,0.286
DLCN,dlcn_phase3_rc_none.h5,P95_6,30.0,1801,91.9,0.05,0.366,0.05,0.366
DLCN,dlcn_phase3_rc_none.h5,P95_7,30.0,1802,95.9,0.09,0.382,0.09,0.382
DLCN,dlcn_phase3_rc_none.h5,P96_1,30.0,1801,65.0,0.09,0.595,0.09,0.595
DLCN,dlcn_phase3_rc_none.h5,P98_6,30.0,1801,82.0,0.06,0.466,0.06,0.466
UBFC-rPPG,ubfc_rppg_phase3_rc_none.h5,subject10,29.875482,2024,118.7,-0.185,0.626,0.35,0.699
UBFC-rPPG,ubfc_rppg_phase3_rc_none.h5,subject11,29.700708,2031,122.0,-0.23,0.639,0.265,0.641
UBFC-rPPG,ubfc_rppg_phase3_rc_none.h5,subject12,29.029684,1989,64.8,-0.395,0.582,0.51,0.607
UBFC-rPPG,ubfc_rppg_phase3_rc_none.h5,subject13,29.7903,2018,109.8,-0.295,0.683,0.27,0.755
UBFC-rPPG,ubfc_rppg_phase3_rc_none.h5,subject14,29.371997,1993,75.2,-0.255,0.505,-0.255,0.505
UBFC-rPPG,ubfc_rppg_phase3_rc_none.h5,subject15,29.590537,2020,112.5,-0.455,0.209,-0.98,0.273
UBFC-rPPG,ubfc_rppg_phase3_rc_none.h5,subject16,29.931836,2050,92.0,-0.225,0.827,-0.225,0.827
UBFC-rPPG,ubfc_rppg_phase3_rc_none.h5,subject17,29.932847,2046,86.9,-0.27,0.717,-0.27,0.717
UBFC-rPPG,ubfc_rppg_phase3_rc_none.h5,subject18,29.747793,2034,124.6,-0.35,0.224,0.995,0.415
UBFC-rPPG,ubfc_rppg_phase3_rc_none.h5,subject20,29.505479,2016,132.6,-0.065,0.43,0.4,0.447
UBFC-rPPG,ubfc_rppg_phase3_rc_none.h5,subject22,29.750671,2032,102.8,-0.265,0.688,-0.265,0.688
UBFC-rPPG,ubfc_rppg_phase3_rc_none.h5,subject26,23.34319,1485,75.5,-0.19,0.742,-0.19,0.742
UBFC-rPPG,ubfc_rppg_phase3_rc_none.h5,subject27,23.36482,1431,87.2,-0.16,0.735,-0.16,0.735
UBFC-rPPG,ubfc_rppg_phase3_rc_none.h5,subject3,29.548271,1801,101.4,-0.355,0.641,-0.355,0.641
UBFC-rPPG,ubfc_rppg_phase3_rc_none.h5,subject30,29.782047,2028,96.9,-0.205,0.646,-0.205,0.646
UBFC-rPPG,ubfc_rppg_phase3_rc_none.h5,subject31,29.61737,2027,77.1,-0.245,0.718,0.53,0.722
UBFC-rPPG,ubfc_rppg_phase3_rc_none.h5,subject32,29.848606,2033,116.3,-0.345,0.833,-0.345,0.833
UBFC-rPPG,ubfc_rppg_phase3_rc_none.h5,subject33,29.214989,1999,119.3,-0.03,0.396,1.0,0.422
UBFC-rPPG,ubfc_rppg_phase3_rc_none.h5,subject34,29.975691,2035,115.8,-0.255,0.871,0.26,0.874
UBFC-rPPG,ubfc_rppg_phase3_rc_none.h5,subject35,29.906009,2051,117.2,-0.25,0.855,-0.25,0.855
UBFC-rPPG,ubfc_rppg_phase3_rc_none.h5,subject37,29.790706,2032,54.5,-0.27,0.731,-0.27,0.731
UBFC-rPPG,ubfc_rppg_phase3_rc_none.h5,subject38,29.91989,2050,111.2,-0.22,0.88,0.33,0.88
UBFC-rPPG,ubfc_rppg_phase3_rc_none.h5,subject39,29.690991,2037,83.1,-0.2,0.575,0.515,0.579
UBFC-rPPG,ubfc_rppg_phase3_rc_none.h5,subject4,29.609362,1368,111.7,-0.38,0.757,-0.38,0.757
UBFC-rPPG,ubfc_rppg_phase3_rc_none.h5,subject40,29.81839,2028,87.3,-0.195,0.737,0.505,0.737
UBFC-rPPG,ubfc_rppg_phase3_rc_none.h5,subject41,29.755366,2037,106.9,-0.185,0.373,-0.78,0.413
UBFC-rPPG,ubfc_rppg_phase3_rc_none.h5,subject42,29.948009,2042,97.7,-0.275,0.843,0.35,0.845
UBFC-rPPG,ubfc_rppg_phase3_rc_none.h5,subject43,29.342154,2009,96.4,-0.395,0.086,0.83,0.156
UBFC-rPPG,ubfc_rppg_phase3_rc_none.h5,subject45,29.950633,2032,111.4,-0.28,0.709,-0.28,0.709
UBFC-rPPG,ubfc_rppg_phase3_rc_none.h5,subject47,29.789803,2023,114.9,-0.33,0.617,0.225,0.713
UBFC-rPPG,ubfc_rppg_phase3_rc_none.h5,subject48,28.768204,1956,88.2,-0.17,0.453,0.52,0.458
UBFC-rPPG,ubfc_rppg_phase3_rc_none.h5,subject49,29.778838,2034,86.1,-0.325,0.573,0.37,0.586
UBFC-rPPG,ubfc_rppg_phase3_rc_none.h5,subject5,29.661806,1550,99.9,-0.37,0.541,0.85,0.699
UBFC-rPPG,ubfc_rppg_phase3_rc_none.h5,subject8,29.888441,2022,113.5,-0.29,0.713,0.25,0.723
UBFC-rPPG,ubfc_rppg_phase3_rc_none.h5,subject9,29.539667,2016,115.2,-0.295,0.207,-0.85,0.377
VitalVideos-WW,vitalvideos_phase3_rc_none.h5,0216c80cb7e8496b8756e4159a79201a,30.0,1800,73.0,0.1,0.863,0.1,0.863
VitalVideos-WW,vitalvideos_phase3_rc_none.h5,0c191227900e4daeab19441d03638574,30.0,1800,86.0,0.095,0.704,0.095,0.704
VitalVideos-WW,vitalvideos_phase3_rc_none.h5,10e71085269646ad93af97f459753aa5,30.0,1800,70.0,0.155,0.914,0.155,0.914
VitalVideos-WW,vitalvideos_phase3_rc_none.h5,14626f721d874bf6be6b86843b35f973,30.0,1800,74.0,0.08,0.536,0.08,0.536
VitalVideos-WW,vitalvideos_phase3_rc_none.h5,24e4101b2b204ae2a96585e271151baa,30.0,1800,65.0,0.11,0.521,-0.805,0.527
VitalVideos-WW,vitalvideos_phase3_rc_none.h5,2ee1b51cb94f4ace853a8f14c927e198,30.0,1800,85.0,0.085,0.27,-0.625,0.299
VitalVideos-WW,vitalvideos_phase3_rc_none.h5,305e4de2155b4ecc97e69589d260767d,30.0,1800,60.0,0.15,0.826,0.15,0.826
VitalVideos-WW,vitalvideos_phase3_rc_none.h5,386cb716007047278313dabbb803747f,30.0,1800,95.0,0.14,0.925,0.14,0.925
VitalVideos-WW,vitalvideos_phase3_rc_none.h5,443b8350052f49edae003da555d170c1,30.0,1800,63.0,0.15,0.495,0.15,0.495
VitalVideos-WW,vitalvideos_phase3_rc_none.h5,4c8e0921893348708b46ba823d680f5c,30.0,1800,69.0,0.09,0.911,0.09,0.911
VitalVideos-WW,vitalvideos_phase3_rc_none.h5,52b3a9fc6d344dfab877df0d41853a69,30.0,1800,70.0,0.14,0.913,0.14,0.913
VitalVideos-WW,vitalvideos_phase3_rc_none.h5,55f2a465487141f3ad75a3138f716a9e,30.0,1800,75.0,0.07,0.722,-0.74,0.723
VitalVideos-WW,vitalvideos_phase3_rc_none.h5,57aedc2e0ae54d8b90f59756370db48e,30.0,1800,76.0,0.105,0.788,0.105,0.788
VitalVideos-WW,vitalvideos_phase3_rc_none.h5,59aad81b89014396be7d8a8bc2673d6c,30.0,1800,61.0,0.075,0.889,0.075,0.889
VitalVideos-WW,vitalvideos_phase3_rc_none.h5,5d913fbe5b2a437497cc5cea0b6076ff,30.0,1800,63.0,0.14,0.892,0.14,0.892
VitalVideos-WW,vitalvideos_phase3_rc_none.h5,64c59c96ed30466ca3e4a1f6a30e4498,30.0,1800,65.0,0.08,0.864,-0.85,0.871
VitalVideos-WW,vitalvideos_phase3_rc_none.h5,70612f6a88cc4ccfb3df5bcfada87d52,30.0,1800,64.0,0.07,0.93,0.07,0.93
VitalVideos-WW,vitalvideos_phase3_rc_none.h5,748ecd392c6e463ea8fef4cbed1bc55a,30.0,1800,74.0,0.14,0.181,-0.675,0.192
VitalVideos-WW,vitalvideos_phase3_rc_none.h5,779febf2f0a1473fb3051a7eeeb544db,30.0,1800,76.0,0.085,0.758,-0.715,0.758
VitalVideos-WW,vitalvideos_phase3_rc_none.h5,7937d7f2efa040caa8bc03dac3d6c649,30.0,1800,62.0,0.12,0.847,0.12,0.847
VitalVideos-WW,vitalvideos_phase3_rc_none.h5,87b00a4282684a73989048d17b09998c,30.0,1800,97.0,0.05,0.686,0.05,0.686
VitalVideos-WW,vitalvideos_phase3_rc_none.h5,8948c01a6b404f9ab462a8f576dc39b4,30.0,1800,82.0,0.07,0.84,0.07,0.84
VitalVideos-WW,vitalvideos_phase3_rc_none.h5,8a4d2c63a0834bafa48cf381cf2944de,30.0,1800,96.0,0.07,0.613,0.695,0.624
VitalVideos-WW,vitalvideos_phase3_rc_none.h5,8c16b1a3b81f46a28c355ccd35eafe60,30.0,1800,90.0,0.115,0.825,0.115,0.825
VitalVideos-WW,vitalvideos_phase3_rc_none.h5,97926adbd9394ae3a312066da97c544e,30.0,1800,79.0,0.105,0.637,0.105,0.637
VitalVideos-WW,vitalvideos_phase3_rc_none.h5,97f3a44516f742e3b54a4bfccba385b1,30.0,1800,84.0,0.11,0.766,0.11,0.766
VitalVideos-WW,vitalvideos_phase3_rc_none.h5,ae67a1fd92d24433a51bafccba10c467,30.0,1800,60.0,0.145,0.262,-0.85,0.273
VitalVideos-WW,vitalvideos_phase3_rc_none.h5,b112bbe6955241d9a83e3417efa9846a,30.0,1800,62.0,0.145,0.779,0.145,0.779
VitalVideos-WW,vitalvideos_phase3_rc_none.h5,b6d50b6f776e407eabf33ea619ca22e6,30.0,1800,59.0,0.13,0.533,-0.885,0.545
VitalVideos-WW,vitalvideos_phase3_rc_none.h5,c2ae6bd4e53a488b8d880c37cad25718,30.0,1800,64.0,0.305,0.271,-0.635,0.271
VitalVideos-WW,vitalvideos_phase3_rc_none.h5,c8e3b665d809404598a970bec7cf603b,30.0,1800,79.0,0.085,0.407,0.085,0.407
VitalVideos-WW,vitalvideos_phase3_rc_none.h5,c9e842581fed4165a359e6dd33d65462,30.0,1800,91.0,0.075,0.861,0.075,0.861
VitalVideos-WW,vitalvideos_phase3_rc_none.h5,ca4523c23f4a42129a661af653ea52b7,30.0,1800,69.0,0.09,0.917,0.09,0.917
VitalVideos-WW,vitalvideos_phase3_rc_none.h5,cc5174d5c6d1421583dcec845149e7a2,30.0,1800,65.0,0.105,0.874,0.105,0.874
VitalVideos-WW,vitalvideos_phase3_rc_none.h5,ccbb5ab159df45349fc97060c9b756e1,30.0,1800,84.0,0.045,0.834,0.045,0.834
VitalVideos-WW,vitalvideos_phase3_rc_none.h5,ce9cd72dbfde49389c0ff89561d906a3,30.0,1800,82.0,0.08,0.753,-0.655,0.756
VitalVideos-WW,vitalvideos_phase3_rc_none.h5,d15b3986873440b68fd331e4dbb915f5,30.0,1800,76.0,0.12,0.821,0.12,0.821
VitalVideos-WW,vitalvideos_phase3_rc_none.h5,d2a7260a64524849b1169784654bec66,30.0,1800,93.0,0.115,0.928,0.76,0.929
VitalVideos-WW,vitalvideos_phase3_rc_none.h5,d6442902ad334256ad66671a528f4d76,30.0,1800,86.0,0.14,0.71,-0.565,0.718
VitalVideos-WW,vitalvideos_phase3_rc_none.h5,dbe2ab227af146e0b4bcd25875a0fbf6,30.0,1800,53.0,0.15,0.561,0.15,0.561
VitalVideos-WW,vitalvideos_phase3_rc_none.h5,de0e14674255440aba992b2d2e6073cb,30.0,1800,87.0,0.09,0.92,-0.6,0.923
VitalVideos-WW,vitalvideos_phase3_rc_none.h5,e1c7a186f54748438502499faf12339e,30.0,1800,68.0,0.14,0.816,0.14,0.816
VitalVideos-WW,vitalvideos_phase3_rc_none.h5,e24c6830e5d045c9b4ef392a06eb5dad,30.0,1800,90.0,0.12,0.582,0.12,0.582
VitalVideos-WW,vitalvideos_phase3_rc_none.h5,e2e5790dd7774bf3a6a09f4472c30adb,30.0,1800,86.0,0.09,0.921,0.09,0.921
VitalVideos-WW,vitalvideos_phase3_rc_none.h5,eb86c40382ef47e8a31304f8ae8cbd63,30.0,1800,79.0,0.145,0.887,0.145,0.887
VitalVideos-WW,vitalvideos_phase3_rc_none.h5,ef441784762147cbadb0aafe96d0040e,30.0,1800,67.0,0.125,0.758,0.125,0.758
VitalVideos-WW,vitalvideos_phase3_rc_none.h5,f206f68fabc34ffea15697ff26b601bd,30.0,1800,81.0,0.005,0.807,0.005,0.807
VitalVideos-WW,vitalvideos_phase3_rc_none.h5,f285f1185a43452b8ece6d8b1b69bae0,30.0,1800,100.0,0.09,0.905,-0.515,0.908
VitalVideos-WW,vitalvideos_phase3_rc_none.h5,f290de1c282543e391edc68e358cea96,30.0,1800,82.0,0.085,0.817,0.085,0.817
VitalVideos-WW,vitalvideos_phase3_rc_none.h5,f2984a1815854f80814759e72f8ab92c,30.0,1800,93.0,0.11,0.78,-0.54,0.785
VitalVideos-WW,vitalvideos_phase3_rc_none.h5,f433c38dd40d4a7aa749ba8730062598,30.0,1800,74.0,0.125,0.863,0.125,0.863
VitalVideos-WW,vitalvideos_phase3_rc_none.h5,f5029a3238ae4978ab4d1ba3fec554f8,30.0,1800,68.0,0.155,0.911,0.155,0.911
VitalVideos-WW,vitalvideos_phase3_rc_none.h5,f5c4b1cc051449e79de86adae85e8cf5,30.0,1800,87.0,0.145,0.715,0.145,0.715
VitalVideos-WW,vitalvideos_phase3_rc_none.h5,f689def9cdcb4ed994ba7f8712b39ef3,30.0,1800,65.0,0.175,0.777,-0.75,0.782
VitalVideos-WW,vitalvideos_phase3_rc_none.h5,f7c90e6a1e97412aa2a1ca688bcf86b7,30.0,1800,63.0,0.115,0.211,0.115,0.211
VitalVideos-WW,vitalvideos_phase3_rc_none.h5,f839f96338084033bed42590717ca9ac,30.0,1800,53.0,0.195,0.821,0.195,0.821
VitalVideos-WW,vitalvideos_phase3_rc_none.h5,f979c29608a44b5ea536d29016ea6709,30.0,1800,102.0,0.03,0.94,-0.555,0.944
VitalVideos-WW,vitalvideos_phase3_rc_none.h5,fa5b0e5da078454aac05c7e7537292d9,30.0,1800,95.0,0.035,0.113,0.035,0.113
VitalVideos-WW,vitalvideos_phase3_rc_none.h5,faa3534a17a94a268b5f36965652a8a0,30.0,1800,91.0,0.105,0.934,0.105,0.934
VitalVideos-WW,vitalvideos_phase3_rc_none.h5,fb11ce5d6cb943b7ba06f29bc7adb304,30.0,1800,70.0,0.135,0.903,0.135,0.903
