subject_id,split,source_file,n_frames,n_frames_native,usable,frame_ok,face_detections,box_side_lost,brightness,cardiac_sqi_30s,bvp_windowed_hr,qc_pos_hr_error,qc_pos_bvp_r,qc_pos_bvp_lag_s,seconds_to_build,status,error
01d8e9a045324c078970b530c1e4e924,train,01d8e9a045324c078970b530c1e4e924_1.mp4,1800,3600,True,True,12,0.0,66.59317129629629,0.8310614418242438,92.0,-28.909090909090907,-0.04090219034356679,0.26666666666666666,53.5,ok,
0216c80cb7e8496b8756e4159a79201a,train,0216c80cb7e8496b8756e4159a79201a_1.mp4,1800,3600,True,True,12,0.0,92.28710133744856,0.8055040422746518,72.0,-1.1707317073170742,-0.8437623025073806,-0.1,55.2,ok,
03443e465e1c4a3fa0dc4b34bf21caf1,train,03443e465e1c4a3fa0dc4b34bf21caf1_1.mp4,1800,3600,True,True,12,0.0,115.375,0.8541707556094758,90.0,-0.9090909090909065,-0.48845156895448133,-0.1,57.7,ok,
046e64ac7b284ef88e859f77b3370764,train,046e64ac7b284ef88e859f77b3370764_1.mp4,1800,3600,True,True,12,0.0,134.80086162551441,0.7721261257558019,96.0,0.2258064516128968,-0.8007187979050352,-0.06666666666666667,59.2,ok,
04dd2594c9eb4cd596fd577b574ea1d9,train,04dd2594c9eb4cd596fd577b574ea1d9_1.mp4,1800,3600,True,True,12,0.0535295953292907,113.92181069958848,0.7113730392407458,48.0,-0.3870967741935516,-0.775020203359251,-0.2,56.2,ok,
091c53d170bc418db259f7f68beb753c,train,091c53d170bc418db259f7f68beb753c_1.mp4,1800,3600,True,True,12,0.0,57.44193672839506,0.5677865721389417,82.0,-1.3333333333333428,-0.7182079969570838,-0.03333333333333333,58.2,ok,
0963f27050374a48bc2fdd76803be70f,train,0963f27050374a48bc2fdd76803be70f_1.mp4,1800,3600,True,True,12,0.0,68.57568158436214,0.7847569229278697,61.0,13.5,-0.3089553203439739,-0.2,58.1,ok,
099a7d49d68d41c7b46547db01328127,val,099a7d49d68d41c7b46547db01328127_1.mp4,1800,3600,True,True,12,0.0,80.64551183127573,0.601749610164166,55.0,-2.6923076923076934,-0.7087044720407322,-0.16666666666666666,59.4,ok,
09eeac505d7042e79b60f9466e7d3e63,val,09eeac505d7042e79b60f9466e7d3e63_1.mp4,1800,3600,True,True,12,0.0,130.74929269547326,0.7801394000621935,80.0,-1.0810810810810807,-0.676417992519535,-0.1,55.2,ok,
0ab681d240fd46cfa3c65a3ff0731a25,val,0ab681d240fd46cfa3c65a3ff0731a25_1.mp4,1800,3600,True,True,12,0.0,73.25102880658436,0.78355890610065,71.0,-0.4285714285714306,-0.7712047788556433,-0.13333333333333333,59.2,ok,
0c191227900e4daeab19441d03638574,train,0c191227900e4daeab19441d03638574_1.mp4,1800,3600,True,True,12,0.05521383873050931,114.90297067901234,0.7922266727664586,87.0,1.2857142857142776,-0.6710333161938115,-0.1,62.3,ok,
0c524b4bd8804c83be379826f45f87a4,train,0c524b4bd8804c83be379826f45f87a4_1.mp4,1800,3600,True,True,12,0.0,65.97935956790124,0.8206078452201828,79.0,0.05263157894736992,-0.8564727875570778,-0.1,58.9,ok,
0dc918323b014a779fd3f84badde4e91,val,0dc918323b014a779fd3f84badde4e91_1.mp4,1800,3600,True,True,12,0.0,124.62506430041152,0.8033393766975019,78.0,0.05263157894736992,-0.5307877724998377,-0.1,57.5,ok,
0f1bf857e23a43a6ae8e9d97874951c9,train,0f1bf857e23a43a6ae8e9d97874951c9_1.mp4,1800,3600,True,True,12,0.0,139.2718621399177,0.8521537342081651,84.0,0.6666666666666572,-0.9167926857623142,-0.1,55.4,ok,
10c24cee6f644a5bbe8c61813ecc162b,train,10c24cee6f644a5bbe8c61813ecc162b_1.mp4,1800,3600,True,True,12,0.049358903257393213,100.65747170781893,0.7415565235022316,59.0,-1.0,-0.8472945528903316,-0.16666666666666666,57.2,ok,
10e71085269646ad93af97f459753aa5,train,10e71085269646ad93af97f459753aa5_1.mp4,1800,3600,True,True,12,0.0,77.62609310699588,0.8087829201201564,68.0,-0.18181818181818699,-0.8950623380211055,-0.16666666666666666,56.1,ok,
12b57fe275ab417d9b240e94084d5867,train,12b57fe275ab417d9b240e94084d5867_1.mp4,1800,3600,True,True,12,0.0,144.51298868312756,0.7842607322652622,80.0,-1.0810810810810807,-0.6682018561747433,-0.06666666666666667,58.2,ok,
1320fa10a9344de1976505941faf3758,train,1320fa10a9344de1976505941faf3758_1.mp4,1800,3600,True,True,12,0.0,114.88856738683127,0.8408905862127471,65.0,-0.21739130434782794,-0.44651941728725475,-0.13333333333333333,59.0,ok,
14626f721d874bf6be6b86843b35f973,train,14626f721d874bf6be6b86843b35f973_1.mp4,1800,3600,True,True,12,0.011680293285108416,92.60866769547324,0.7935026140866632,74.0,-0.1707317073170742,-0.505626284816851,-0.06666666666666667,58.5,ok,
17239ec2f67f418a8d77cb134c70a84b,train,17239ec2f67f418a8d77cb134c70a84b_1.mp4,1800,3600,True,True,12,0.0,122.87139917695474,0.7830534765630197,71.0,1.2325581395348877,-0.4478050526070276,-0.1,56.0,ok,
17b643400b684f099c2918aacd682e96,train,17b643400b684f099c2918aacd682e96_1.mp4,1800,3600,True,True,12,0.0,136.3974408436214,0.8589210813727296,76.0,1.0,-0.8392826148213071,-0.13333333333333333,50.9,ok,
19276f2c5f604ee2aee883ba6bd74bf0,train,19276f2c5f604ee2aee883ba6bd74bf0_1.mp4,1800,3600,True,True,12,0.0,104.12512860082305,0.6248768428554008,81.0,-0.0810810810810807,-0.8133111646977518,-0.1,53.5,ok,
1ab22305e7d645ecaeced28c6e2f4e63,train,1ab22305e7d645ecaeced28c6e2f4e63_1.mp4,1800,3600,True,True,12,0.046942797145342954,120.99099794238683,0.8103091576170243,103.0,-0.44827586206895376,-0.6981189008230805,-0.1,56.9,ok,
1adb66cd9f1843c8b4a5fdea799108b0,train,1adb66cd9f1843c8b4a5fdea799108b0_1.mp4,1800,3600,True,True,12,0.0,59.893968621399175,0.5382151993972497,67.0,1.782608695652172,-0.8279682829374636,-0.16666666666666666,57.9,ok,
1af9909507524013beb0e6bf028ee55d,val,1af9909507524013beb0e6bf028ee55d_1.mp4,1800,3600,True,True,12,0.0,40.91550925925926,0.8088729337265886,71.0,1.2325581395348877,-0.7537996794380608,-0.13333333333333333,59.6,ok,
1bb88b463bfc4996972ab47fd5969abb,val,1bb88b463bfc4996972ab47fd5969abb_1.mp4,1800,3600,True,True,12,0.0,38.963541666666664,0.8083287296323753,60.0,0.17647058823529704,-0.8523610482490556,-0.16666666666666666,57.7,ok,
1f3ef7922c7448f0be5990f1802e8f3e,train,1f3ef7922c7448f0be5990f1802e8f3e_1.mp4,1800,3600,True,True,12,0.04714883222324283,87.6604938271605,0.7998052710618714,88.0,-0.235294117647058,-0.6903943058017931,-0.1,56.0,ok,
1f74a153270c4097a42be324e364e0e4,val,1f74a153270c4097a42be324e364e0e4_1.mp4,1800,3600,True,True,12,0.0,72.57291666666667,0.8286221958937358,73.0,-0.1707317073170742,-0.8693818957776462,-0.16666666666666666,57.2,ok,
1fc705d48b694379813d2b1f4238f5d9,train,1fc705d48b694379813d2b1f4238f5d9_1.mp4,1800,3600,True,True,12,0.0,141.99479166666666,0.8441547330973143,63.0,0.5,-0.9317048590600133,-0.1,54.5,ok,
21e7642fa6444cdaa4169d9df2c2827d,train,21e7642fa6444cdaa4169d9df2c2827d_1.mp4,1800,3600,True,True,12,0.0,91.0559413580247,0.987106216557372,119.0,-51.0,-0.11471442457947444,-0.03333333333333333,52.4,ok,
22e09d7c883f461b9d533ffaed4559c6,train,22e09d7c883f461b9d533ffaed4559c6_1.mp4,1800,3600,True,True,12,0.0038086354956394014,78.61387602880659,0.8476318241532552,92.0,1.0909090909090935,-0.5690166971021624,-0.1,57.5,ok,
24e4101b2b204ae2a96585e271151baa,train,24e4101b2b204ae2a96585e271151baa_1.mp4,1800,3600,True,True,12,0.0,120.40856481481481,0.8190368809431955,66.0,0.7826086956521721,-0.493755365302996,-0.1,52.2,ok,
25595b3340dd439793fd0b6c37e98e92,train,25595b3340dd439793fd0b6c37e98e92_1.mp4,1800,3600,True,True,12,0.0,106.67058899176955,0.8863493687347156,83.0,-0.3333333333333428,-0.7871802534905128,-0.06666666666666667,55.7,ok,
25a540192b704ec797e3bec04baaffe3,train,25a540192b704ec797e3bec04baaffe3_1.mp4,1800,3600,True,True,12,0.06083934483224314,76.99337705761317,0.7732956544183955,76.0,-0.9230769230769198,-0.8430478007894288,-0.13333333333333333,56.1,ok,
265f65b0897b4e299e510d507f4bb4fa,train,265f65b0897b4e299e510d507f4bb4fa_1.mp4,1800,3600,True,True,12,0.0,65.37127057613169,0.7175033710054328,67.0,1.782608695652172,-0.8583915736662094,-0.16666666666666666,57.3,ok,
27af638584c84805b6cee39da419c468,val,27af638584c84805b6cee39da419c468_1.mp4,1800,3600,True,True,12,0.0,56.1304012345679,0.8451229359239384,77.0,1.0769230769230802,-0.8285586303844048,-0.13333333333333333,55.6,ok,
285cf395161f474d8b4384d8445c27c1,val,285cf395161f474d8b4384d8445c27c1_1.mp4,1800,3600,True,True,12,0.0,127.76954732510288,0.8430213004342069,85.0,0.49295774647886503,-0.8915675471109697,-0.1,54.0,ok,
292a0f04830347f796105ada3b92fe83,train,292a0f04830347f796105ada3b92fe83_1.mp4,1800,3600,True,True,12,0.0,168.53015689300412,0.8258137989109586,102.0,-1.4482758620689538,-0.6765205627168408,-0.1,53.3,ok,
29ddffacae9d41acb374beeb87c5ac61,train,29ddffacae9d41acb374beeb87c5ac61_1.mp4,1800,3600,True,True,12,0.025296187000593766,91.83564814814815,0.8885129864846135,77.0,0.0769230769230802,-0.8832834104856525,-0.13333333333333333,53.8,ok,
2bba0bd0765141dda07430f338bb6fde,train,2bba0bd0765141dda07430f338bb6fde_1.mp4,1800,3600,True,True,12,0.02584369894761292,65.34059927983539,0.7664625986286125,52.0,-0.6315789473684248,-0.8099257089187876,-0.13333333333333333,55.8,ok,
2c1236b1929447b696c224dbe14559b6,train,2c1236b1929447b696c224dbe14559b6_1.mp4,1800,3600,True,True,12,0.0,68.21791409465021,0.7640261868868717,65.0,0.7826086956521721,-0.8320640089044099,-0.1,59.0,ok,
2dc478a51028432091781023d77f1b31,train,2dc478a51028432091781023d77f1b31_1.mp4,1800,3600,True,True,12,0.0,116.30362654320987,0.7655504544967631,67.0,10.782608695652172,-0.4464793816914864,-0.1,53.2,ok,
2ee1b51cb94f4ace853a8f14c927e198,train,2ee1b51cb94f4ace853a8f14c927e198_1.mp4,1800,3600,True,True,12,0.0,120.69180812757202,0.8690461655074879,85.0,-1.7142857142857224,-0.2508305802529564,-0.1,57.0,ok,
2ffca8a697a84ed99e99c12d2872a89a,train,2ffca8a697a84ed99e99c12d2872a89a_1.mp4,1800,3600,True,True,12,0.0,55.36297582304527,0.8527769410905424,75.0,0.0,-0.8032693657657393,-0.16666666666666666,59.0,ok,
305e4de2155b4ecc97e69589d260767d,train,305e4de2155b4ecc97e69589d260767d_1.mp4,1800,3600,True,True,12,0.0,57.74511316872428,0.7067322192495928,60.0,1.0,-0.7715598640083383,-0.13333333333333333,56.4,ok,
307ed164161e4192b11f33656366621d,train,307ed164161e4192b11f33656366621d_1.mp4,1800,3600,True,True,12,0.0,96.17637602880659,0.7067736234422997,89.0,-28.235294117647058,-0.14772669061016364,-0.03333333333333333,54.8,ok,
3364d7817f6f4dc38fcfe0fe0bec613b,train,3364d7817f6f4dc38fcfe0fe0bec613b_1.mp4,1800,3600,True,True,12,0.0,148.0218621399177,0.6003783482672537,52.0,2.0,-0.8776331129683708,-0.1,53.6,ok,
343c93f2ac4640bcbf49829fb6a2d019,train,343c93f2ac4640bcbf49829fb6a2d019_1.mp4,1800,3600,True,True,12,0.0,117.15258487654322,0.7449392807374837,79.0,1.0769230769230802,-0.7097306414364949,-0.06666666666666667,54.4,ok,
36492b61b6824d2ba3e51ec75c9f50d2,train,36492b61b6824d2ba3e51ec75c9f50d2_1.mp4,1800,3600,True,True,12,0.0,127.21559927983539,0.8284309179682028,107.0,-24.14285714285714,-0.3608924739392636,-0.03333333333333333,57.2,ok,
36c68d7a1a6c4d8baf6c62bdfda28163,val,36c68d7a1a6c4d8baf6c62bdfda28163_1.mp4,1800,3600,True,True,12,0.0,93.90727880658436,0.8299989375364514,70.0,0.2325581395348877,-0.7216348396694434,-0.06666666666666667,53.5,ok,
386cb716007047278313dabbb803747f,train,386cb716007047278313dabbb803747f_1.mp4,1800,3600,True,True,12,0.00871027356598191,90.04140946502058,0.6653203545255766,95.0,-1.7741935483871032,-0.8435372805920637,-0.13333333333333333,54.5,ok,
3a984624685740faab11a6d922bedc00,train,3a984624685740faab11a6d922bedc00_1.mp4,1800,3600,True,True,12,0.0,96.14268261316873,0.793222060211946,93.0,0.25,-0.42087206201024685,-0.03333333333333333,56.8,ok,
3b0fddd9a2b145a097d054f04d719361,train,3b0fddd9a2b145a097d054f04d719361_1.mp4,1800,3600,True,True,12,0.06280279718811467,86.05124742798354,0.8213369750473838,72.0,-1.1707317073170742,-0.8921241067242105,-0.13333333333333333,58.1,ok,
3f5a86e870844f7a8de071bed6c65b3b,train,3f5a86e870844f7a8de071bed6c65b3b_1.mp4,1800,3600,True,True,12,0.0,122.09484310699588,0.7545491770845041,69.0,0.818181818181813,-0.8222075795902938,-0.16666666666666666,51.4,ok,
40e7fea4581c493d8c98d2e3d1db7365,train,40e7fea4581c493d8c98d2e3d1db7365_1.mp4,1800,3600,True,True,12,0.0,113.8048482510288,0.7789519242753765,77.0,0.0769230769230802,-0.5236193083083382,-0.06666666666666667,54.0,ok,
43013ee2d6b041f58a39b22defa333cb,train,43013ee2d6b041f58a39b22defa333cb_1.mp4,1800,3600,True,True,12,0.08284973794204804,127.02874228395062,0.7821293869028028,68.0,-0.18181818181818699,-0.8895069749893317,-0.13333333333333333,53.6,ok,
443b8350052f49edae003da555d170c1,train,443b8350052f49edae003da555d170c1_1.mp4,1800,3600,True,True,12,0.0,121.98804012345678,0.7662526561273165,64.0,1.5,-0.46599250723871244,-0.16666666666666666,54.0,ok,
45c99b0a76ad4d96b05f7e73d46275b3,train,45c99b0a76ad4d96b05f7e73d46275b3_1.mp4,1800,3600,True,True,12,0.0,45.85120884773662,0.8818255805451609,68.0,0.034482758620683285,-0.8616564182209829,-0.13333333333333333,58.2,ok,
46b49393b1d84f288a79139980ecb53d,val,46b49393b1d84f288a79139980ecb53d_1.mp4,1800,3600,True,True,12,0.0073915543827669464,121.66865997942386,0.787331236509609,85.0,3.2857142857142776,-0.26487440233681425,0.03333333333333333,55.8,ok,
4a1f69d79b504b03acc6667e8952ce95,train,4a1f69d79b504b03acc6667e8952ce95_1.mp4,1800,3600,True,True,12,0.0,49.40991512345679,0.7898590340795778,64.0,0.17021276595743728,-0.83310940442125,-0.1,58.0,ok,
4b4c7374a6a84537b39b5ba782448551,train,4b4c7374a6a84537b39b5ba782448551_1.mp4,1800,3600,True,True,12,0.0,150.4634130658436,0.6457317589370382,88.0,2.2857142857142776,-0.4748528404603634,0.0,50.0,ok,
4c8e0921893348708b46ba823d680f5c,train,4c8e0921893348708b46ba823d680f5c_1.mp4,1800,3600,True,True,12,0.0,81.96238425925925,0.8396775785104087,68.0,-0.18181818181818699,-0.8956888907761662,-0.1,55.2,ok,
4cfee68f438e48c18e51c960890fd7fa,val,4cfee68f438e48c18e51c960890fd7fa_1.mp4,1800,3600,True,True,12,0.0,102.89197530864197,0.8316405993208869,84.0,-1.7142857142857224,-0.8507170486284401,-0.13333333333333333,54.0,ok,
4f4ad7e5f88e47e589f0c200b4172c68,train,4f4ad7e5f88e47e589f0c200b4172c68_1.mp4,1800,3600,True,True,12,0.018188558848876952,121.35731738683127,0.8301497217975691,71.0,-0.4285714285714306,-0.8363708740615456,0.0,52.2,ok,
4f76357aa986479197fdfce01be74010,train,4f76357aa986479197fdfce01be74010_1.mp4,1800,3600,True,True,12,0.0,90.1195987654321,0.7003805513409721,67.0,-4.428571428571431,-0.6721571067564177,-0.1,56.1,ok,
508bf1138ab4496aac4eb4a2753f5927,train,508bf1138ab4496aac4eb4a2753f5927_1.mp4,1800,3600,True,True,12,0.0,80.24639917695474,0.7453798412441222,50.0,0.0,-0.8027945088237047,-0.13333333333333333,55.9,ok,
521493c4ad294033a9e73c6bdd7f2267,train,521493c4ad294033a9e73c6bdd7f2267_1.mp4,1800,3600,True,True,12,0.0,46.69476594650206,0.8022035593154095,76.0,1.0,-0.8420283905351746,-0.1,55.6,ok,
52366a9342b547f6a73370ac5c938391,train,52366a9342b547f6a73370ac5c938391_1.mp4,1800,3600,True,True,12,0.0,121.09284979423869,0.6596771994167339,88.0,1.2857142857142776,-0.5403851120666385,-0.06666666666666667,53.7,ok,
52b3a9fc6d344dfab877df0d41853a69,train,52b3a9fc6d344dfab877df0d41853a69_1.mp4,1800,3600,True,True,12,0.0,144.8715920781893,0.8272967039850708,73.0,1.5714285714285694,-0.9043662005185392,-0.13333333333333333,53.2,ok,
53850b4c0ea841ee9a81e898ad17d057,train,53850b4c0ea841ee9a81e898ad17d057_1.mp4,1800,3600,True,True,12,0.0,116.61805555555556,0.8046387420969054,73.0,1.8292682926829258,-0.3618082572025974,-0.1,53.2,ok,
5479b03ec19345eb87b4cf164a2c1931,val,5479b03ec19345eb87b4cf164a2c1931_1.mp4,1800,3600,True,True,12,0.0,108.73701131687243,0.7551814749415813,57.0,-0.6923076923076934,-0.8343465969599018,-0.13333333333333333,55.3,ok,
55f2a465487141f3ad75a3138f716a9e,train,55f2a465487141f3ad75a3138f716a9e_1.mp4,1800,3600,True,True,12,0.0,113.21354166666667,0.8628522235351885,74.0,-1.0,-0.6976664044855894,-0.06666666666666667,49.9,ok,
5676fa9ea366402990a07177517d5f8a,train,5676fa9ea366402990a07177517d5f8a_1.mp4,1800,3600,True,True,12,0.0,70.68190586419753,0.7872997513153296,72.0,-1.1707317073170742,-0.862423003842601,-0.13333333333333333,56.0,ok,
57aedc2e0ae54d8b90f59756370db48e,train,57aedc2e0ae54d8b90f59756370db48e_1.mp4,1800,3600,True,True,12,0.0,49.671875,0.6631139854364339,75.0,-1.0,-0.7574042635421488,-0.1,57.6,ok,
57e25178a724499fb4f7d591ca2bb507,train,57e25178a724499fb4f7d591ca2bb507_1.mp4,1800,3600,True,True,12,0.0,120.49607767489712,0.8101318186813247,87.0,-1.235294117647058,-0.7047552718402981,-0.1,54.8,ok,
59aad81b89014396be7d8a8bc2673d6c,train,59aad81b89014396be7d8a8bc2673d6c_1.mp4,1800,3600,True,True,12,0.028668871909718518,165.6173482510288,0.7693572612213051,61.0,-0.22448979591836604,-0.8671794319649503,-0.06666666666666667,49.4,ok,
5a8930fbf0d64986982cf285ae7f178b,val,5a8930fbf0d64986982cf285ae7f178b_1.mp4,1800,3600,True,True,12,0.0,142.21489197530863,0.8419217780105781,77.0,0.0769230769230802,-0.9093502161933762,-0.13333333333333333,51.2,ok,
5cc5480e611d4a49ab4abc6eac5a5380,val,5cc5480e611d4a49ab4abc6eac5a5380_1.mp4,1800,3600,True,True,12,0.0,83.81069958847736,0.8389963717758729,72.0,0.5714285714285694,-0.8469961418211784,-0.1,56.2,ok,
5d913fbe5b2a437497cc5cea0b6076ff,train,5d913fbe5b2a437497cc5cea0b6076ff_1.mp4,1800,3600,True,True,12,0.04746863525246103,64.91177983539094,0.7600791664004154,63.0,1.5,-0.8561575358359959,-0.13333333333333333,55.7,ok,
5dbe6b0ea57747d28b1e45a41df2e88e,train,5dbe6b0ea57747d28b1e45a41df2e88e_1.mp4,1800,3600,True,True,12,0.01626825940122216,120.5551054526749,0.8476933439761684,81.0,-0.0810810810810807,-0.8692342798362642,-0.03333333333333333,55.7,ok,
5edae78fa818432681fe47121f915fb5,train,5edae78fa818432681fe47121f915fb5_1.mp4,1800,3600,True,True,12,0.0,115.70010288065843,0.8381830584006907,67.0,0.3333333333333286,-0.7988113342406177,-0.1,57.4,ok,
5f260ccff79d47368ab2d257d2c3b860,val,5f260ccff79d47368ab2d257d2c3b860_1.mp4,1800,3600,True,True,12,0.030440474494891134,110.17515432098766,0.7832724749097454,61.0,-0.22448979591836604,-0.8865768393541392,-0.1,56.3,ok,
5f69b4736cb34e5d890b187c9a019731,train,5f69b4736cb34e5d890b187c9a019731_1.mp4,1800,3600,True,True,12,0.0037570286605865828,61.30195473251029,0.73681675084504,63.0,-0.5,-0.8268197617434496,-0.1,57.5,ok,
640a176d4d724975ad890ffb8c5753eb,train,640a176d4d724975ad890ffb8c5753eb_1.mp4,1800,3600,True,True,12,0.0,48.418338477366255,0.8264315743642678,82.0,0.9189189189189193,-0.7853238448449101,-0.13333333333333333,56.0,ok,
64b4d385dda242198ae2b2baedfc4b2d,train,64b4d385dda242198ae2b2baedfc4b2d_1.mp4,1800,3600,True,True,12,0.0,126.71296296296296,0.826981370532338,81.0,2.05263157894737,-0.6512460576398685,-0.06666666666666667,55.4,ok,
64c59c96ed30466ca3e4a1f6a30e4498,train,64c59c96ed30466ca3e4a1f6a30e4498_1.mp4,1800,3600,True,True,12,0.051560955661788206,100.3815586419753,0.7641715564104192,64.0,-1.217391304347828,-0.837086820708453,-0.06666666666666667,57.5,ok,
6708a63072dc401492cc38fbd0f50d6c,train,6708a63072dc401492cc38fbd0f50d6c_1.mp4,1800,3600,True,True,12,0.0,52.91628086419753,0.8136826773169606,72.0,0.5714285714285694,-0.8364843753508328,-0.16666666666666666,60.2,ok,
6a9b72c3f8b34c4181050ae1cb75d28b,train,6a9b72c3f8b34c4181050ae1cb75d28b_1.mp4,1800,3600,True,True,12,0.036022336724344906,129.0838477366255,0.804135463365105,64.0,0.17021276595743728,-0.8331648098081491,-0.1,57.9,ok,
6c8342a2f5034698ab1c3f5c1a4e501f,train,6c8342a2f5034698ab1c3f5c1a4e501f_1.mp4,1800,3600,True,True,12,0.004724478092787506,87.40264917695474,0.8067480742865072,70.0,12.232558139534888,-0.3148692101369174,-0.06666666666666667,58.7,ok,
6f1c78bcd51641f6840533eb94451abb,train,6f1c78bcd51641f6840533eb94451abb_1.mp4,1800,3600,True,True,12,0.0,76.21977880658436,0.8804752461373608,74.0,-1.0,-0.9097048591583562,-0.06666666666666667,60.2,ok,
70612f6a88cc4ccfb3df5bcfada87d52,train,70612f6a88cc4ccfb3df5bcfada87d52_1.mp4,1800,3600,True,True,12,0.0,74.15779320987654,0.8664385441785163,65.0,1.1702127659574373,-0.9225454212200288,-0.06666666666666667,60.8,ok,
7080b3e577ef4dd99f29417cff2ca213,train,7080b3e577ef4dd99f29417cff2ca213_1.mp4,1800,3600,True,True,12,0.0,138.1505272633745,0.8833450017355553,69.0,-0.7674418604651123,-0.8115096730185031,-0.1,52.5,ok,
7114242e5f37478c97b6291e1594d212,train,7114242e5f37478c97b6291e1594d212_1.mp4,1800,3600,True,True,12,0.0,52.323881172839506,0.7309760223064301,69.0,0.818181818181813,-0.8383845585324533,-0.13333333333333333,57.8,ok,
713b79a424fe4ee6a7370e3fd94a850f,train,713b79a424fe4ee6a7370e3fd94a850f_1.mp4,1800,3600,True,True,12,0.0,65.94425154320987,0.86174165459805,72.0,-1.1707317073170742,-0.9051837697977864,-0.06666666666666667,57.4,ok,
748ecd392c6e463ea8fef4cbed1bc55a,train,748ecd392c6e463ea8fef4cbed1bc55a_1.mp4,1800,3600,True,True,12,0.0,82.35879629629629,0.7706694127935398,74.0,11.0,-0.16902232671495718,-0.13333333333333333,56.6,ok,
74dc1f2aeff44d73a807287fa3f3966d,train,74dc1f2aeff44d73a807287fa3f3966d_1.mp4,1800,3600,True,True,12,0.0,57.87249228395062,0.7669584154019615,76.0,1.0,-0.8299518796690171,-0.1,58.2,ok,
7518eeee382f429483c98c577fc58aa3,train,7518eeee382f429483c98c577fc58aa3_1.mp4,1800,3600,True,True,12,0.0,93.98649691358025,0.8172283378263194,82.0,-14.08108108108108,-0.16286128572018804,-0.13333333333333333,55.6,ok,
752bd562202a4a16985cf648e7948a4e,train,752bd562202a4a16985cf648e7948a4e_1.mp4,1800,3600,True,True,12,0.0,54.683449074074076,0.809088488928068,58.0,0.8571428571428612,-0.8554743619652525,-0.1,57.4,ok,
758dc28f0fe34f26bcb42b1653248968,train,758dc28f0fe34f26bcb42b1653248968_1.mp4,1800,3600,True,True,12,0.0,124.91229423868313,0.7983288923607286,67.0,0.3333333333333286,-0.8824604351870493,-0.13333333333333333,54.1,ok,
75e11dcba0544a36b8e777d48adb2a7e,train,75e11dcba0544a36b8e777d48adb2a7e_1.mp4,1800,3600,True,True,12,0.0,102.76440329218107,0.8343679118195534,75.0,0.0,-0.754108979233886,-0.1,55.0,ok,
779febf2f0a1473fb3051a7eeeb544db,train,779febf2f0a1473fb3051a7eeeb544db_1.mp4,1800,3600,True,True,12,0.0,124.28716563786008,0.8005141431614695,75.0,1.0,-0.7375221022581273,-0.06666666666666667,54.6,ok,
7937d7f2efa040caa8bc03dac3d6c649,train,7937d7f2efa040caa8bc03dac3d6c649_1.mp4,1800,3600,True,True,12,0.0,106.3823945473251,0.8116547666097288,61.99999999999999,-0.5000000000000071,-0.8253529813275504,-0.13333333333333333,55.9,ok,
7bb7053a99644f8e99e0efdb0df0c36b,val,7bb7053a99644f8e99e0efdb0df0c36b_1.mp4,1800,3600,True,True,12,0.0,136.11091820987653,0.8394196415995046,97.0,0.2258064516128968,-0.28619041238863974,-0.03333333333333333,53.1,ok,
7cf52b2a6d144218a25796580fe81ba2,train,7cf52b2a6d144218a25796580fe81ba2_1.mp4,1800,3600,True,True,12,0.0,72.43717849794238,0.8098485923060889,60.0,2.3076923076923066,-0.7462582192298394,-0.16666666666666666,55.8,ok,
7d99daff67b04d32a007ecfa3c951f12,train,7d99daff67b04d32a007ecfa3c951f12_1.mp4,1800,3600,True,True,12,0.0,131.22312242798353,0.839650456281432,77.0,0.0769230769230802,-0.790127802531944,-0.1,56.8,ok,
7dd3937d5ff74c82883425fdc6e119e7,train,7dd3937d5ff74c82883425fdc6e119e7_1.mp4,1800,3600,True,True,12,0.0,98.72376543209876,0.7577860624200292,80.0,8.05263157894737,-0.478792496023298,-0.1,52.2,ok,
8267f41f3ff04aa6b9daafd80b97377e,train,8267f41f3ff04aa6b9daafd80b97377e_1.mp4,1800,3600,True,True,12,0.0,90.70698302469135,0.8667520850040775,70.0,-1.4285714285714306,-0.8194252760040666,-0.1,52.4,ok,
841bf1e1830a41feb8a7b9e4391c8001,train,841bf1e1830a41feb8a7b9e4391c8001_1.mp4,1800,3600,True,True,12,0.0,43.78941615226338,0.8297645159778129,82.0,0.9189189189189193,-0.6747613826606994,-0.1,55.4,ok,
844b217df44646e6874478dee111c47d,train,844b217df44646e6874478dee111c47d_1.mp4,1800,3600,True,True,12,0.0,132.43923611111111,0.8351617757560286,79.0,0.05263157894736992,-0.6998952059231882,-0.06666666666666667,49.6,ok,
87b00a4282684a73989048d17b09998c,train,87b00a4282684a73989048d17b09998c_1.mp4,1800,3600,True,True,12,0.0,126.22878086419753,0.8833383057819093,98.0,1.2258064516128968,-0.6567667966611174,-0.03333333333333333,53.0,ok,
88387ada05ee4e9790e5180104fb16f5,train,88387ada05ee4e9790e5180104fb16f5_1.mp4,1800,3600,True,True,12,0.0,110.89589763374485,0.728846613290512,86.0,0.2857142857142776,-0.6277320067976557,-0.06666666666666667,53.2,ok,
887034fa29514503ae59ac8e1fb1d12f,train,887034fa29514503ae59ac8e1fb1d12f_1.mp4,1800,3600,True,True,12,0.0,117.72537294238683,0.6797492092807298,65.0,-1.6666666666666714,-0.8838004331845086,-0.1,51.0,ok,
8948c01a6b404f9ab462a8f576dc39b4,train,8948c01a6b404f9ab462a8f576dc39b4_1.mp4,1800,3600,True,True,12,0.0,62.70003858024691,0.8313462182177462,81.0,-0.0810810810810807,-0.8227361961460867,-0.06666666666666667,54.7,ok,
894d5d79128548bc817c6f339937b8e8,train,894d5d79128548bc817c6f339937b8e8_1.mp4,1800,3600,True,True,12,0.0,87.62815072016461,0.8307144747247469,79.0,0.05263157894736992,-0.9008262311263393,-0.03333333333333333,57.0,ok,
8a4d2c63a0834bafa48cf381cf2944de,train,8a4d2c63a0834bafa48cf381cf2944de_1.mp4,1800,3600,True,True,12,0.0,137.049704218107,0.8410425060936269,96.0,-0.7741935483871032,-0.6046287703279734,-0.06666666666666667,56.0,ok,
8bde9446f0a04b278ff7e703ccda967f,val,8bde9446f0a04b278ff7e703ccda967f_1.mp4,1800,3600,True,True,12,0.0,73.92290380658436,0.8480247455403273,82.0,0.9189189189189193,-0.8606716948890883,-0.1,57.7,ok,
8c16b1a3b81f46a28c355ccd35eafe60,train,8c16b1a3b81f46a28c355ccd35eafe60_1.mp4,1800,3600,True,True,12,0.0,133.83712705761317,0.7013790564583373,90.0,-0.9090909090909065,-0.7925829386302411,-0.1,56.4,ok,
8e9febe3b80548098591d6078f82f911,train,8e9febe3b80548098591d6078f82f911_1.mp4,1800,3600,True,True,12,0.0,105.68473508230453,0.819712577429857,78.0,-0.9473684210526301,-0.5252263097751503,-0.06666666666666667,58.2,ok,
91525b5bb6ba426bb102dc6ec0603896,val,91525b5bb6ba426bb102dc6ec0603896_1.mp4,1800,3600,True,True,12,0.0,120.47222222222223,0.7979976776931901,60.0,0.0,-0.4811816202741083,-0.1,55.7,ok,
9283fdfe77aa44518d02d76f7a947923,train,9283fdfe77aa44518d02d76f7a947923_1.mp4,1800,3600,True,True,12,0.0,92.16075102880659,0.828941417214853,78.0,0.05263157894736992,-0.786372383080588,-0.16666666666666666,54.2,ok,
92e8ce43e90f413890bccd16d9a98505,train,92e8ce43e90f413890bccd16d9a98505_1.mp4,1800,3600,True,True,12,0.0,57.01286008230453,0.8200929539723727,60.0,0.0,-0.8454147454611273,-0.13333333333333333,56.6,ok,
936826bf46da4b009902814d36f4b133,train,936826bf46da4b009902814d36f4b133_1.mp4,1800,3600,True,True,12,0.0,135.1170910493827,0.7173046670556089,64.0,0.17021276595743728,-0.8215906273718312,-0.13333333333333333,52.7,ok,
94ddbeb5e0054e24ba94001d6a40d659,train,94ddbeb5e0054e24ba94001d6a40d659_1.mp4,1800,3600,True,True,12,0.0,120.27231224279835,0.3527560611352545,58.0,-11.767441860465112,-0.8139351067383304,-0.16666666666666666,57.6,ok,
9666069212c4423b99204b420689d0e4,train,9666069212c4423b99204b420689d0e4_1.mp4,1800,3600,True,True,12,0.0,122.16988168724279,0.7374541965747112,67.0,-1.181818181818187,-0.8598875460687375,-0.16666666666666666,50.7,ok,
973d1d1e398f4ab6b97f3dc7c8db0433,train,973d1d1e398f4ab6b97f3dc7c8db0433_1.mp4,1800,3600,True,True,12,0.0,70.69881687242798,0.7821923891073297,61.99999999999999,-0.5000000000000071,-0.8442296758782328,-0.16666666666666666,56.3,ok,
97926adbd9394ae3a312066da97c544e,train,97926adbd9394ae3a312066da97c544e_1.mp4,1800,3600,True,True,12,0.0,144.10847479423867,0.8242739890886326,79.0,-2.0810810810810807,-0.6144210725319194,-0.1,55.9,ok,
97bf2b2c068a4189b50c89107b53ff78,train,97bf2b2c068a4189b50c89107b53ff78_1.mp4,1800,3600,True,True,12,0.0,109.07966820987654,0.7841156949492867,75.0,1.0,-0.7096413037127054,-0.13333333333333333,55.9,ok,
97c2a06882ec47febf3a3d5e0d49c61b,val,97c2a06882ec47febf3a3d5e0d49c61b_1.mp4,1800,3600,True,True,12,0.0,115.99408436213992,0.7520443456963951,84.0,-0.507042253521135,-0.591538313878607,-0.06666666666666667,58.9,ok,
97e3674acf724852a8422c2fb2327e1f,train,97e3674acf724852a8422c2fb2327e1f_1.mp4,1800,3600,True,True,12,0.0,113.8031121399177,0.8638515942878364,92.0,1.0909090909090935,-0.7404675948400601,-0.03333333333333333,56.5,ok,
97f3a44516f742e3b54a4bfccba385b1,train,97f3a44516f742e3b54a4bfccba385b1_1.mp4,1800,3600,True,True,12,0.0,112.54533179012346,0.7969918039420081,86.0,0.2857142857142776,-0.7433364332831257,-0.1,55.0,ok,
9863fba1787c4473ad28987a0e28dea3,train,9863fba1787c4473ad28987a0e28dea3_1.mp4,1800,3600,True,True,12,0.03485110454189333,138.37827932098764,0.6760562784533263,93.0,-0.75,-0.851352990347904,-0.03333333333333333,54.2,ok,
9bd99a6eec374294a029545ac8ddd857,train,9bd99a6eec374294a029545ac8ddd857_1.mp4,1800,3600,True,True,12,0.0,107.78768004115226,0.7770384347423077,61.0,-2.5,-0.5921291776809899,-0.13333333333333333,55.6,ok,
9cbe714142d04032af0a529d54afe2a0,train,9cbe714142d04032af0a529d54afe2a0_1.mp4,1800,3600,True,True,12,0.0,160.57889660493828,0.6641489799170048,87.0,1.2857142857142776,-0.6684849645819014,-0.1,50.4,ok,
9d4a862e9f3242839fdab56569481bc2,val,9d4a862e9f3242839fdab56569481bc2_1.mp4,1800,3600,True,True,12,0.0,84.1091177983539,0.81914490010176,72.0,-0.1707317073170742,-0.6948749236035082,-0.06666666666666667,56.1,ok,
9edf905c8854486a88935f74ea471933,val,9edf905c8854486a88935f74ea471933_1.mp4,1800,3600,True,True,12,0.0,123.73173868312757,0.8651759817201381,65.0,-0.21739130434782794,-0.9037501056066983,-0.13333333333333333,53.9,ok,
9faf62d34bb84bd48ba77c54a9d2267a,train,9faf62d34bb84bd48ba77c54a9d2267a_1.mp4,1800,3600,True,True,12,0.0,131.68859310699588,0.8114144797678821,63.0,-0.15789473684210975,-0.9118134131359935,-0.1,53.5,ok,
a05afbdad1814fb9b395690cb9c028eb,train,a05afbdad1814fb9b395690cb9c028eb_1.mp4,1800,3600,True,True,12,0.0,82.82690329218107,0.875475979911504,78.0,1.0769230769230802,-0.887195755023731,-0.1,55.0,ok,
a22c3fc58d244c80918f6b06e714973f,train,a22c3fc58d244c80918f6b06e714973f_1.mp4,1800,3600,True,True,12,0.0,104.80549125514403,0.6960876244535226,74.0,2.5714285714285694,-0.8255398434934603,-0.1,57.1,ok,
ac6cea2eff654b8782b39ac0ce44e3fe,train,ac6cea2eff654b8782b39ac0ce44e3fe_1.mp4,1800,3600,True,True,12,0.0,79.34992283950618,0.8772190455397493,73.0,-0.1707317073170742,-0.8431853339130841,-0.13333333333333333,59.2,ok,
ae651789abc44b1ea9a2439626333c94,train,ae651789abc44b1ea9a2439626333c94_1.mp4,1800,3600,True,True,12,0.0,67.50983796296296,0.7775727393215375,61.99999999999999,-0.5000000000000071,-0.870853079668278,-0.13333333333333333,56.9,ok,
ae67a1fd92d24433a51bafccba10c467,train,ae67a1fd92d24433a51bafccba10c467_1.mp4,1800,3600,True,True,12,0.0,122.8355195473251,0.8073046480922672,61.0,6.393939393939391,-0.24157114524492315,-0.16666666666666666,56.4,ok,
ae83325b5d944d91a6a85363f8cd1619,train,ae83325b5d944d91a6a85363f8cd1619_1.mp4,1800,3600,True,True,12,0.0,130.65997942386832,0.8601706390091675,88.0,-0.235294117647058,-0.7559782012250891,-0.1,55.2,ok,
af08dd132e2d4943af9595549594e172,val,af08dd132e2d4943af9595549594e172_1.mp4,1800,3600,True,True,12,0.055601971997559466,71.17663323045268,0.8340139536186705,60.0,0.0,-0.8670616994008299,-0.16666666666666666,56.8,ok,
b112bbe6955241d9a83e3417efa9846a,train,b112bbe6955241d9a83e3417efa9846a_1.mp4,1800,3600,True,True,12,0.0012515722741854455,48.215406378600825,0.6249533546789803,61.0,-2.1578947368421098,-0.7508577563683393,-0.13333333333333333,60.2,ok,
b2ec9f36e4b84ebbb30954c237582ffc,train,b2ec9f36e4b84ebbb30954c237582ffc_1.mp4,1800,3600,True,True,12,0.01622366883422121,114.99710648148148,0.8003957206187987,85.0,1.6666666666666572,-0.5652696943551856,-0.06666666666666667,54.5,ok,
b3a4d5c4ddfd4a66ad93c21e88ad4198,train,b3a4d5c4ddfd4a66ad93c21e88ad4198_1.mp4,1800,3600,True,True,12,0.0,51.19714506172839,0.8167550785863631,76.0,-0.9230769230769198,-0.8538473826036497,-0.06666666666666667,57.2,ok,
b3f86eb889024a81ba71db3adb46749e,train,b3f86eb889024a81ba71db3adb46749e_1.mp4,1800,3600,True,True,12,0.0,72.60860339506173,0.6180952981101699,97.0,0.25,-0.8216417196468652,-0.06666666666666667,58.9,ok,
b3fe2c7a8cdd4dc7b657b4b82d2adc86,val,b3fe2c7a8cdd4dc7b657b4b82d2adc86_1.mp4,1800,3600,True,True,12,0.0,126.22768775720165,0.8139830861633197,100.0,0.0,-0.6180478989719346,-0.1,59.2,ok,
b44657d791854c15b05569a390f530a0,val,b44657d791854c15b05569a390f530a0_1.mp4,1800,3600,True,True,12,0.0,92.48443930041152,0.8451253071841167,71.0,-7.428571428571431,-0.6053888414559576,-0.13333333333333333,56.8,ok,
b6d50b6f776e407eabf33ea619ca22e6,train,b6d50b6f776e407eabf33ea619ca22e6_1.mp4,1800,3600,True,True,12,0.0,106.22575874485597,0.7058536378857192,59.0,0.17647058823529704,-0.4979847459241734,-0.1,53.6,ok,
b7dc9a1c81ea4303bfee399476750561,train,b7dc9a1c81ea4303bfee399476750561_1.mp4,1800,3600,True,True,12,0.016566612649687954,69.97627314814815,0.6580121377648698,61.99999999999999,0.7755102040816269,-0.8288534380524042,-0.13333333333333333,57.4,ok,
b890ed1e90b5478590c9774064475274,val,b890ed1e90b5478590c9774064475274_1.mp4,1800,3600,True,True,12,0.0,105.38046553497942,0.7949927209325205,71.0,-0.4285714285714306,-0.5015725224308302,-0.13333333333333333,54.7,ok,
bc7506acefaf48c1adc4056e6a1ecb63,train,bc7506acefaf48c1adc4056e6a1ecb63_1.mp4,1800,3600,True,True,12,0.0,123.91030092592592,0.8666903237974606,86.0,0.2857142857142776,-0.5609199755100378,-0.06666666666666667,57.1,ok,
bcb411c992334b3ab3d04e52f7f9bd59,train,bcb411c992334b3ab3d04e52f7f9bd59_1.mp4,1800,3600,True,True,12,0.0,135.61355452674897,0.7966050381456153,87.0,-2.235294117647058,-0.7265940863450517,-0.13333333333333333,53.8,ok,
bef4b91f6f0443b68c8f3cf3f37ab333,train,bef4b91f6f0443b68c8f3cf3f37ab333_1.mp4,1800,3600,True,True,12,0.0,107.21630658436214,0.7839749510721415,67.0,0.3333333333333286,-0.6538004723321194,-0.13333333333333333,56.7,ok,
bf065d60a06942279a04b38c9403bf54,val,bf065d60a06942279a04b38c9403bf54_1.mp4,1800,3600,True,True,12,0.0,47.609825102880656,0.7698328453236214,65.0,-0.21739130434782794,-0.837344740006395,-0.1,58.8,ok,
c005165bdd254e24abc8fd53605b06fb,train,c005165bdd254e24abc8fd53605b06fb_1.mp4,1800,3600,True,True,12,0.0,142.63310185185185,0.779157925176216,72.0,0.5714285714285694,-0.8929117936516439,-0.13333333333333333,52.3,ok,
c2ae6bd4e53a488b8d880c37cad25718,train,c2ae6bd4e53a488b8d880c37cad25718_1.mp4,1800,3600,True,True,12,0.0,88.04957561728395,0.696795337855058,64.0,-0.8297872340425627,-0.23822054431606385,-0.26666666666666666,53.1,ok,
c342b539b90e45e69ef57b334ac668ac,train,c342b539b90e45e69ef57b334ac668ac_1.mp4,1800,3600,True,True,12,0.0,61.24286265432099,0.7817361972596164,64.0,0.17021276595743728,-0.8115927749864712,-0.13333333333333333,57.2,ok,
c3729a412dc64d2999d4d89490826642,train,c3729a412dc64d2999d4d89490826642_1.mp4,1800,3600,True,True,12,0.0,130.82118055555554,0.8418145150629683,73.0,-0.1707317073170742,-0.7279748688778644,-0.1,56.9,ok,
c474646ed7a24daf84d16e0da5116e48,val,c474646ed7a24daf84d16e0da5116e48_1.mp4,1800,3600,True,True,12,0.0,57.70601851851852,0.7853309299733441,55.0,0.45454545454546036,-0.8379670271675103,-0.16666666666666666,58.5,ok,
c4d6df20b6424c46a54fff47166bc1a5,val,c4d6df20b6424c46a54fff47166bc1a5_1.mp4,1800,3600,True,True,12,0.0,132.37615740740742,0.8387092101369089,61.99999999999999,0.7755102040816269,-0.8845058014935653,-0.1,54.1,ok,
c73b319a03bc467bbe88f512d2f8137d,val,c73b319a03bc467bbe88f512d2f8137d_1.mp4,1800,3600,True,True,12,0.0,54.37339248971193,0.8157325062694049,102.0,-1.4482758620689538,-0.8881939943942044,-0.1,60.0,ok,
c744da3083d843b1a259d4e6eaeed454,train,c744da3083d843b1a259d4e6eaeed454_1.mp4,1800,3600,True,True,12,0.0,34.0196116255144,0.831062549837938,86.0,0.2857142857142776,-0.6243928024254654,-0.06666666666666667,62.2,ok,
c8e3b665d809404598a970bec7cf603b,train,c8e3b665d809404598a970bec7cf603b_1.mp4,1800,3600,True,True,12,0.0,84.56770833333333,0.8381591376507982,75.0,12.07692307692308,-0.38770242953966755,-0.06666666666666667,57.5,ok,
c8efd4f6e3324133a6d1caf7fae9a838,val,c8efd4f6e3324133a6d1caf7fae9a838_1.mp4,1800,3600,True,True,12,0.0,104.77745627572017,0.8607404921913677,82.0,-1.3333333333333428,-0.540282321862622,-0.1,51.9,ok,
c900c694e40a4e45bed1800afb309501,train,c900c694e40a4e45bed1800afb309501_1.mp4,1800,3600,True,True,12,0.012511800351933368,75.10725308641975,0.8004746809493468,96.0,-0.7741935483871032,-0.870365707939129,-0.1,58.7,ok,
c9e842581fed4165a359e6dd33d65462,train,c9e842581fed4165a359e6dd33d65462_1.mp4,1800,3600,True,True,12,0.0,42.81243569958848,0.7236228815703721,93.0,-1.75,-0.8134308012191611,-0.06666666666666667,59.7,ok,
c9ed33f0a46348e8a03415b5fc117f7c,train,c9ed33f0a46348e8a03415b5fc117f7c_1.mp4,1800,3600,True,True,12,0.0,51.03980195473251,0.8215237269033032,87.0,-1.235294117647058,-0.7716911603053643,-0.06666666666666667,55.2,ok,
ca111be8b02a4c5a84f2efd5d0846cef,train,ca111be8b02a4c5a84f2efd5d0846cef_1.mp4,1800,3600,True,True,12,0.0,146.36316872427983,0.8543301154066105,73.0,-1.1707317073170742,-0.5899138068010573,-0.13333333333333333,47.8,ok,
ca27050fd44f44279f808a7c2f447e4e,train,ca27050fd44f44279f808a7c2f447e4e_1.mp4,1800,3600,True,True,12,0.0,97.02006172839506,0.7671498361447068,65.0,-0.21739130434782794,-0.8729711669430844,-0.1,55.8,ok,
ca4523c23f4a42129a661af653ea52b7,train,ca4523c23f4a42129a661af653ea52b7_1.mp4,1800,3600,True,True,12,0.0,50.65547839506173,0.8205104415908815,69.0,-0.7674418604651123,-0.8993725728410268,-0.1,57.9,ok,
ca6b5566244b4ff6bb88ece47ac4f0be,train,ca6b5566244b4ff6bb88ece47ac4f0be_1.mp4,1800,3600,True,True,12,0.0,66.84510030864197,0.8104318709174763,75.0,0.0,-0.7493566734969733,-0.13333333333333333,57.2,ok,
ca950d84deb841129b2296c2dbb6ff9b,train,ca950d84deb841129b2296c2dbb6ff9b_1.mp4,1800,3600,True,True,12,0.0,73.10448816872427,0.8374519124596969,58.0,-0.823529411764703,-0.8118758574284677,-0.06666666666666667,57.9,ok,
cac2a62471f648bbb65b4f4dd8dfb560,val,cac2a62471f648bbb65b4f4dd8dfb560_1.mp4,1800,3600,True,True,12,0.0,45.02398405349794,0.7568034292463492,61.99999999999999,-0.5000000000000071,-0.6658649697356558,-0.13333333333333333,60.6,ok,
cae1efd2518a4bedb1c7b5400359ffb8,train,cae1efd2518a4bedb1c7b5400359ffb8_1.mp4,1800,3600,True,True,12,0.04997016887702566,133.75405092592592,0.850453534703181,72.0,0.5714285714285694,-0.8769337602319719,-0.16666666666666666,55.1,ok,
cb366cf4c8e7443e80a1f095ed5c1f55,train,cb366cf4c8e7443e80a1f095ed5c1f55_1.mp4,1800,3600,True,True,12,0.0,123.93203446502058,0.881003677646006,68.0,-0.18181818181818699,-0.8876708685477817,-0.13333333333333333,57.2,ok,
cbb24c3d9bf441ada6f946e0f0132d5f,train,cbb24c3d9bf441ada6f946e0f0132d5f_1.mp4,1800,3600,True,True,12,0.0,100.15264917695474,0.8085213452781977,60.0,1.0,-0.7438409972683296,-0.13333333333333333,54.0,ok,
cc064aee913349d1a5cdcb4e489581e7,train,cc064aee913349d1a5cdcb4e489581e7_1.mp4,1800,3600,True,True,12,0.0,101.8179012345679,0.8362150752589013,88.0,1.2857142857142776,-0.7718437216241726,-0.06666666666666667,53.9,ok,
cc5174d5c6d1421583dcec845149e7a2,train,cc5174d5c6d1421583dcec845149e7a2_1.mp4,1800,3600,True,True,12,0.0,70.50122170781893,0.8066105734236932,65.0,-0.21739130434782794,-0.8593299058062328,-0.1,57.0,ok,
cc7f84a1ec694723a52834b31faf7d04,val,cc7f84a1ec694723a52834b31faf7d04_1.mp4,1800,3600,True,True,12,0.00867538125175689,123.7786779835391,0.8141592303808051,64.0,0.17021276595743728,-0.7977820693310712,-0.06666666666666667,56.0,ok,
ccbb5ab159df45349fc97060c9b756e1,train,ccbb5ab159df45349fc97060c9b756e1_1.mp4,1800,3600,True,True,12,0.0,135.492862654321,0.8241660012563183,85.0,-0.7142857142857224,-0.8128823680287866,-0.03333333333333333,52.8,ok,
ccf833394c2344f0811f7a6e4044aa08,train,ccf833394c2344f0811f7a6e4044aa08_1.mp4,1800,3600,True,True,12,0.05710084328973103,63.612718621399175,0.8598764348807821,83.0,-0.3333333333333428,-0.7077077627411142,-0.06666666666666667,57.8,ok,
cd80e7a73c9841c39a5651bc7d48fa58,train,cd80e7a73c9841c39a5651bc7d48fa58_1.mp4,1800,3600,True,True,12,0.03810712003059823,70.09979423868313,0.8657516254169364,106.0,-1.1428571428571388,-0.9009346713635805,-0.1,59.1,ok,
ce0b4a52b7754ea89c69716f97597c48,val,ce0b4a52b7754ea89c69716f97597c48_1.mp4,1800,3600,True,True,12,0.00041771470776510257,64.10474537037037,0.7910879827579196,97.0,0.2258064516128968,-0.8377250307910259,-0.1,58.1,ok,
ce568493a744477f829dc361b6b03680,train,ce568493a744477f829dc361b6b03680_1.mp4,1800,3600,True,True,12,0.015250248348504256,73.94142232510288,0.9917626888361025,107.0,-0.1428571428571388,-0.9438178221636946,-0.06666666666666667,58.9,ok,
ce664c8f5d0a40bab68c40ce33955c2a,val,ce664c8f5d0a40bab68c40ce33955c2a_1.mp4,1800,3600,True,True,12,0.0,103.37082047325103,0.8026989897235824,60.0,0.0,-0.846102700941685,-0.13333333333333333,54.0,ok,
ce9cd72dbfde49389c0ff89561d906a3,train,ce9cd72dbfde49389c0ff89561d906a3_1.mp4,1800,3600,True,True,12,0.0,52.38451646090535,0.7616637286669612,82.0,0.9189189189189193,-0.7164009266103677,-0.06666666666666667,56.3,ok,
cf01ece5d95b4bf3b9f133f4adb22d6a,train,cf01ece5d95b4bf3b9f133f4adb22d6a_1.mp4,1800,3600,True,True,12,0.0,47.63914609053498,0.8749080157768023,74.0,-3.0,-0.4430533584341822,-0.06666666666666667,57.9,ok,
cf9daa96be9c47dcafe3d7a980467e95,val,cf9daa96be9c47dcafe3d7a980467e95_1.mp4,1800,3600,True,True,12,0.0,120.8908822016461,0.810957782240386,70.0,0.2325581395348877,-0.7947142565007411,-0.1,50.0,ok,
cfcdc9715d2b455bb4f1c5f12ad9d0ed,train,cfcdc9715d2b455bb4f1c5f12ad9d0ed_1.mp4,1800,3600,True,True,12,0.0,102.26884002057614,0.8799116761190992,71.0,-0.4285714285714306,-0.9032159855090623,-0.1,55.5,ok,
d0522df1841c4a2e9a382e1cb9858a9e,train,d0522df1841c4a2e9a382e1cb9858a9e_1.mp4,1800,3600,True,True,12,0.0,63.856738683127574,0.8679722569314127,85.0,-0.7142857142857224,-0.7829265363907923,-0.13333333333333333,54.0,ok,
d112c38f27324b338508de990c1ed57c,val,d112c38f27324b338508de990c1ed57c_1.mp4,1800,3600,True,True,12,0.0,128.46373456790124,0.8149524481546385,77.0,0.0769230769230802,-0.8894933938350515,-0.1,53.8,ok,
d13ee28a2a634fb89986bd74f5687cea,train,d13ee28a2a634fb89986bd74f5687cea_1.mp4,1800,3600,True,True,12,0.0,55.54783950617284,0.8538187122409431,80.0,1.05263157894737,-0.8721662133729277,-0.1,55.6,ok,
d144ac2035c24bf58cd4bae2074adb14,train,d144ac2035c24bf58cd4bae2074adb14_1.mp4,1800,3600,True,True,12,0.0066403536311480105,105.63843878600824,0.8230253494448347,69.0,-0.7674418604651123,-0.8542468050362778,-0.1,53.0,ok,
d15b3986873440b68fd331e4dbb915f5,train,d15b3986873440b68fd331e4dbb915f5_1.mp4,1800,3600,True,True,12,0.0,96.19528034979425,0.7927286874035493,79.0,0.05263157894736992,-0.8031802038788698,-0.13333333333333333,54.6,ok,
d19312711595459287ecf8cf7f447bbe,train,d19312711595459287ecf8cf7f447bbe_1.mp4,1800,3600,True,True,12,0.0,72.95492541152264,0.7733566235482852,91.0,0.09090909090909349,-0.819241883348102,-0.1,55.3,ok,
d196ba9d45114dca95cc99d0f06ce869,train,d196ba9d45114dca95cc99d0f06ce869_1.mp4,1800,3600,True,True,12,0.0,59.31963734567901,0.8147791674294431,58.0,0.3076923076923066,-0.8556987743082837,-0.13333333333333333,56.2,ok,
d1e89bdf13e44c9f9639829abc120bf5,val,d1e89bdf13e44c9f9639829abc120bf5_1.mp4,1800,3600,True,True,12,0.01979879226024238,48.99266975308642,0.7591362272275376,69.0,0.818181818181813,-0.8546339006957144,-0.1,60.7,ok,
d2a7260a64524849b1169784654bec66,train,d2a7260a64524849b1169784654bec66_1.mp4,1800,3600,True,True,12,0.003798249375868289,92.00636574074075,0.8195557407772096,92.0,-0.75,-0.875162827468822,-0.1,56.8,ok,
d2b19751d2ea4689817e96f4b6544bbb,val,d2b19751d2ea4689817e96f4b6544bbb_1.mp4,1800,3600,True,True,12,0.0,50.76601080246913,0.7861697816260258,60.0,0.0,-0.7616842539365659,-0.13333333333333333,58.0,ok,
d36b3fdb3cc545a7ae8171dc72048ed3,train,d36b3fdb3cc545a7ae8171dc72048ed3_1.mp4,1800,3600,True,True,12,0.0,71.05195473251028,0.8411841772011759,100.0,-1.0,-0.8785454624704131,-0.06666666666666667,56.2,ok,
d370b9cae222437e91ca35943ee929da,train,d370b9cae222437e91ca35943ee929da_1.mp4,1800,3600,True,True,12,0.0,92.46206275720165,0.7948237377951488,86.0,0.2857142857142776,-0.77000723718214,-0.1,55.0,ok,
d3f7af09e103481cb2604b46aab90a24,train,d3f7af09e103481cb2604b46aab90a24_1.mp4,1800,3600,True,True,12,0.0,57.67965534979424,0.43364687724951334,62.0,-4.5,-0.7371781216269707,-0.13333333333333333,62.6,ok,
d460c0c5bf34480bb03765d975d06ab7,val,d460c0c5bf34480bb03765d975d06ab7_1.mp4,1800,3600,True,True,12,0.0,99.97434413580247,0.8095962932540646,66.0,-0.6666666666666714,-0.878243927719103,-0.13333333333333333,55.5,ok,
d4847f8a599342bb9ac9f6716f0aafe5,train,d4847f8a599342bb9ac9f6716f0aafe5_1.mp4,1800,3600,True,True,12,0.0,89.92676183127573,0.89476607830695,96.0,-0.7741935483871032,-0.6010417689278871,-0.13333333333333333,56.0,ok,
d4c8ad3a55a042feaa7858a84a7dcc56,val,d4c8ad3a55a042feaa7858a84a7dcc56_1.mp4,1800,3600,True,True,12,0.0027070918798538244,52.887795781893004,0.6911472496256004,99.0,-1.0,-0.8426014388656127,-0.06666666666666667,55.9,ok,
d500b98614d04db08831256ae0602246,val,d500b98614d04db08831256ae0602246_1.mp4,1800,3600,True,True,12,0.0008501209328049441,47.72788065843621,0.7611333300129057,83.0,-0.3333333333333428,-0.7792853272392487,-0.1,57.6,ok,
d5c89b92c04a4988b61c43e1247a7b8e,val,d5c89b92c04a4988b61c43e1247a7b8e_1.mp4,1800,3600,True,True,12,0.03125831795512881,61.936856995884774,0.8306503081424366,63.0,-0.15789473684210975,-0.9149157733577359,-0.1,56.1,ok,
d6442902ad334256ad66671a528f4d76,train,d6442902ad334256ad66671a528f4d76_1.mp4,1800,3600,True,True,12,0.024774117286128806,43.37551440329218,0.8147511356397941,85.0,-0.7142857142857224,-0.6789050831475839,-0.13333333333333333,58.9,ok,
d7571cd3cd3c41168af9565538aea988,train,d7571cd3cd3c41168af9565538aea988_1.mp4,1800,3600,True,True,12,0.0,52.43299897119341,0.8405858495204259,95.0,1.25,-0.8964533666182598,-0.1,57.6,ok,
d76fb6b504cb4e828068803482e5104e,val,d76fb6b504cb4e828068803482e5104e_1.mp4,1800,3600,True,True,12,0.0,121.08101851851852,0.8249844282920822,76.0,1.0,-0.545169008131665,-0.1,57.7,ok,
d789522164084e6bbc52d3c28de915b5,train,d789522164084e6bbc52d3c28de915b5_1.mp4,1800,3600,True,True,12,0.0016447277431582714,69.59844393004116,0.797768592685735,81.0,-0.0810810810810807,-0.7948389525206737,-0.13333333333333333,56.4,ok,
d7b2345c601b45b895fda018a63f8e1d,train,d7b2345c601b45b895fda018a63f8e1d_1.mp4,1800,3600,True,True,12,0.0,70.49221965020575,0.814575382076353,98.0,1.2258064516128968,-0.5020022926335672,-0.06666666666666667,57.5,ok,
d86945fa5820419d90318e61e4d129b0,val,d86945fa5820419d90318e61e4d129b0_1.mp4,1800,3600,True,True,12,0.0,73.77488425925925,0.68497543234964,66.0,0.7826086956521721,-0.8055773195124476,-0.13333333333333333,57.1,ok,
d93d1e00d9b8442bb79f9786441ed3df,val,d93d1e00d9b8442bb79f9786441ed3df_1.mp4,1800,3600,True,True,12,0.0,61.561856995884774,0.9960989885111338,120.0,0.0,-0.8894322419559603,-0.06666666666666667,58.3,ok,
d97b1853046a49af990e04db1857131e,train,d97b1853046a49af990e04db1857131e_1.mp4,1800,3600,True,True,12,0.0,119.02134773662551,0.8195209950701099,78.0,1.0769230769230802,-0.8857270428721107,-0.1,54.7,ok,
d9f9312c449d47ce95b1511f1eb75a31,val,d9f9312c449d47ce95b1511f1eb75a31_1.mp4,1800,3600,True,True,12,0.06042478286005923,34.17316100823045,0.7860896627445476,64.0,0.17021276595743728,-0.7805317528394508,-0.13333333333333333,60.1,ok,
da54e12db0074f4eabefc5324288dfa7,train,da54e12db0074f4eabefc5324288dfa7_1.mp4,1800,3600,True,True,12,0.0,112.23206018518519,0.8809609678366986,79.0,0.05263157894736992,-0.910475000358665,-0.1,54.6,ok,
dad971c22b5942c9b075e66e775c2edb,train,dad971c22b5942c9b075e66e775c2edb_1.mp4,1800,3600,True,True,12,0.0,42.40110596707819,0.8252962832566633,76.0,1.0,-0.39137117536278787,-0.16666666666666666,57.5,ok,
db0fec1a8e9b437aa4b7b62340e9b5c3,train,db0fec1a8e9b437aa4b7b62340e9b5c3_1.mp4,1800,3600,True,True,12,0.0,67.79153806584362,0.8962069742037285,81.0,-0.0810810810810807,-0.8842526338688043,-0.1,59.4,ok,
db683f2a47354f03bb802ef1ace24441,train,db683f2a47354f03bb802ef1ace24441_1.mp4,1800,3600,True,True,12,0.009062731968687057,85.28877314814815,0.8822570796235571,80.0,-1.0810810810810807,-0.8534638944351048,-0.06666666666666667,58.6,ok,
dbe2ab227af146e0b4bcd25875a0fbf6,train,dbe2ab227af146e0b4bcd25875a0fbf6_1.mp4,1800,3600,True,True,12,0.0,55.41062242798354,0.7560345869540477,52.0,-0.6315789473684248,-0.5227960779946355,-0.13333333333333333,56.9,ok,
dc59c97256b0406abf998f3eb422e1e5,train,dc59c97256b0406abf998f3eb422e1e5_1.mp4,1800,3600,True,True,12,0.0,79.39699074074075,0.7870260845729655,63.0,0.5,-0.8179365698052355,-0.1,55.3,ok,
de0e14674255440aba992b2d2e6073cb,train,de0e14674255440aba992b2d2e6073cb_1.mp4,1800,3600,True,True,12,0.0,95.04269547325103,0.9292658236940818,88.0,-0.235294117647058,-0.897096367426506,-0.06666666666666667,57.0,ok,
dfd2785e66324c1181c57bd253556a92,train,dfd2785e66324c1181c57bd253556a92_1.mp4,1800,3600,True,True,12,0.0,102.25835905349794,0.9066696873924318,99.0,-2.0,-0.46908811045081694,-0.1,58.1,ok,
dfd2d6ca5d324a859f0bbf2bbdef7ae1,train,dfd2d6ca5d324a859f0bbf2bbdef7ae1_1.mp4,1800,3600,True,True,12,0.0,105.22145061728395,0.8177115513140341,88.0,-1.235294117647058,-0.48984751402356147,-0.06666666666666667,53.7,ok,
e06fc0a2ee4b445e90ba365de6f93aa3,val,e06fc0a2ee4b445e90ba365de6f93aa3_1.mp4,1800,3600,True,True,12,0.0338415469363653,46.39866255144033,0.6511723934148458,95.0,-1.7741935483871032,-0.8056581441241119,-0.1,56.9,ok,
e078c9fee11c4bd2bba87cfbb078e2a7,val,e078c9fee11c4bd2bba87cfbb078e2a7_1.mp4,1800,3600,True,True,12,0.0,82.07651748971193,0.7702911797686591,59.0,-1.0,-0.5700988089001071,-0.13333333333333333,56.3,ok,
e0ea059f4d6345b2bb93a041d6a414e1,train,e0ea059f4d6345b2bb93a041d6a414e1_1.mp4,1800,3600,True,True,12,0.0,108.84137088477367,0.8184649200488909,52.0,0.2758620689655231,-0.8475520827743961,-0.16666666666666666,57.8,ok,
e1c7a186f54748438502499faf12339e,train,e1c7a186f54748438502499faf12339e_1.mp4,1800,3600,True,True,12,0.0,38.92206790123457,0.8351943324850918,67.0,-1.181818181818187,-0.7997160777701787,-0.13333333333333333,58.1,ok,
e1d0f94453d546c498c9ac1e39036cf3,val,e1d0f94453d546c498c9ac1e39036cf3_1.mp4,1800,3600,True,True,12,0.0,79.11927726337449,0.6933679693711723,56.0,-0.07476635514017715,-0.7761629159647551,-0.13333333333333333,54.3,ok,
e1d47360013040a2b761c5146206408c,train,e1d47360013040a2b761c5146206408c_1.mp4,1800,3600,True,True,12,0.0,91.10622427983539,0.8519317139091689,80.0,-1.0810810810810807,-0.8636418542927806,-0.06666666666666667,54.4,ok,
e24c6830e5d045c9b4ef392a06eb5dad,train,e24c6830e5d045c9b4ef392a06eb5dad_1.mp4,1800,3600,True,True,12,0.0,57.932677469135804,0.8459309522160794,90.0,-0.9090909090909065,-0.5494164902042364,-0.1,55.6,ok,
e28e42fe2e124a1a87f18eb04c000381,val,e28e42fe2e124a1a87f18eb04c000381_1.mp4,1800,3600,True,True,12,0.021912780239265735,95.137795781893,0.8514686069776556,82.0,0.9189189189189193,-0.889208431261438,-0.06666666666666667,55.9,ok,
e2cd33efb7d0455d916d6b37e4f5398d,train,e2cd33efb7d0455d916d6b37e4f5398d_1.mp4,1800,3600,True,True,12,0.0,69.64493312757202,0.8312700387772929,67.0,-1.181818181818187,-0.8443406200823964,-0.16666666666666666,59.3,ok,
e2d025d0afe8465abc80e1929a4e6ebb,train,e2d025d0afe8465abc80e1929a4e6ebb_1.mp4,1800,3600,True,True,12,0.00912086481141654,92.91177983539094,0.8464290186770469,93.0,-0.75,-0.7733914203228202,-0.1,61.1,ok,
e2e5790dd7774bf3a6a09f4472c30adb,train,e2e5790dd7774bf3a6a09f4472c30adb_1.mp4,1800,3600,True,True,12,0.006235903675283811,95.99427726337449,0.8153340430708308,84.0,-1.7142857142857224,-0.8940457874537415,-0.1,55.0,ok,
e3f819720bc04493aec20c4e092996ea,train,e3f819720bc04493aec20c4e092996ea_1.mp4,1800,3600,True,True,12,0.0,69.0025720164609,0.8259735861502933,91.0,0.09090909090909349,-0.8644824220937605,-0.06666666666666667,58.6,ok,
e402ca812ac440ab83f768a4b87b6582,train,e402ca812ac440ab83f768a4b87b6582_1.mp4,1800,3600,True,True,12,0.0,53.978459362139915,0.8229598095578678,61.0,1.0,-0.8372709899291328,-0.13333333333333333,59.0,ok,
e42020799c194c3ca44b1fd495b154d2,train,e42020799c194c3ca44b1fd495b154d2_1.mp4,1800,3600,True,True,12,0.0,62.60757458847737,0.7907232347145344,79.0,0.05263157894736992,-0.7959804890865982,-0.06666666666666667,55.2,ok,
e678de6c14e44643ab9532a61ee1df2f,train,e678de6c14e44643ab9532a61ee1df2f_1.mp4,1800,3600,True,True,12,0.04139110922920064,98.86213991769547,0.8020223993827482,82.0,0.9189189189189193,-0.8648352618844702,-0.06666666666666667,55.8,ok,
e6a39019a3984949a52b983051d932d1,val,e6a39019a3984949a52b983051d932d1_1.mp4,1800,3600,True,True,12,0.001313540373167636,124.0,0.8003584836080773,80.0,1.05263157894737,-0.6514544174258723,-0.1,54.2,ok,
e7f8dbea07f5453f99fd01a775a60b9e,train,e7f8dbea07f5453f99fd01a775a60b9e_1.mp4,1800,3600,True,True,12,0.0,95.2880658436214,0.8364344958082691,64.0,0.17021276595743728,-0.8709610091508662,-0.13333333333333333,56.0,ok,
e7fe69e71a8949ca8590b684497973a2,train,e7fe69e71a8949ca8590b684497973a2_1.mp4,1800,3600,True,True,12,0.013714113456146879,46.36522633744856,0.7874353300084478,88.0,-0.235294117647058,-0.8598113297017512,-0.1,56.7,ok,
e80ff67d87ab43d1ab3c621f12311b41,train,e80ff67d87ab43d1ab3c621f12311b41_1.mp4,1800,3600,True,True,12,0.0,63.7630529835391,0.8559111516686992,95.0,-0.7741935483871032,-0.6610991696096867,-0.1,56.3,ok,
e84982423fa14460bef64f85f2cbbaeb,val,e84982423fa14460bef64f85f2cbbaeb_1.mp4,1800,3600,True,True,12,0.006018990865823613,65.68930041152264,0.9880067157270864,106.0,-1.1428571428571388,-0.9173754291840674,-0.03333333333333333,55.7,ok,
e854da7c4fd64fc9a5d2474ef69d860a,val,e854da7c4fd64fc9a5d2474ef69d860a_1.mp4,1800,3600,True,True,12,0.0,87.80375514403292,0.8150759049843456,56.0,17.44444444444445,-0.1966994018506544,-0.16666666666666666,51.2,ok,
e88aff40a1f848778111977ef405b356,train,e88aff40a1f848778111977ef405b356_1.mp4,1800,3600,True,True,12,0.04334172366820142,116.3994341563786,0.7966997287860853,67.0,0.3333333333333286,-0.8717322898247226,-0.13333333333333333,53.3,ok,
e8e7da282e2c461f80cca9c7491e21f2,val,e8e7da282e2c461f80cca9c7491e21f2_1.mp4,1800,3600,True,True,12,0.014750915453268735,141.14673353909464,0.6865622348451643,96.0,2.25,-0.6234943819595011,-0.06666666666666667,54.6,ok,
e9f6bbee86b74829aca704dbc67f7bb0,train,e9f6bbee86b74829aca704dbc67f7bb0_1.mp4,1800,3600,True,True,12,0.0,76.9286908436214,0.8595813372186688,72.0,0.5714285714285694,-0.9119304413972672,-0.1,54.2,ok,
eac1584c55384a33909e1d83ef66612a,train,eac1584c55384a33909e1d83ef66612a_1.mp4,1800,3600,True,True,12,0.033123232791504816,102.63515946502058,0.7958348620878786,80.0,3.07692307692308,-0.910453125246444,-0.1,53.6,ok,
eb86c40382ef47e8a31304f8ae8cbd63,train,eb86c40382ef47e8a31304f8ae8cbd63_1.mp4,1800,3600,True,True,12,0.0,99.66833847736625,0.8466101932325425,79.0,0.05263157894736992,-0.8674162050113785,-0.13333333333333333,56.2,ok,
ec58ee1867224d52b6ffbcbe00aa78bc,train,ec58ee1867224d52b6ffbcbe00aa78bc_1.mp4,1800,3600,True,True,12,0.0,59.72492283950617,0.7528511349370002,100.0,0.0,-0.8790480754686667,-0.06666666666666667,56.3,ok,
eca59d0c214c47db9e2d34bb1c541745,train,eca59d0c214c47db9e2d34bb1c541745_1.mp4,1800,3600,True,True,12,0.0025011796260455367,52.71784979423868,0.79387471060624,91.0,-0.9090909090909065,-0.8621022764338208,-0.1,58.2,ok,
ed5104cf472946cabfbd410c2e97b145,train,ed5104cf472946cabfbd410c2e97b145_1.mp4,1800,3600,True,True,12,0.0,67.0153677983539,0.8567890186986968,88.0,-0.235294117647058,-0.716129375358306,-0.03333333333333333,57.2,ok,
edaa8feed63742979c53f1b72ab65ec8,train,edaa8feed63742979c53f1b72ab65ec8_1.mp4,1800,3600,True,True,12,0.0,63.71682098765432,0.7660860417432508,69.0,0.818181818181813,-0.883939408974976,-0.1,56.2,ok,
edbe3c89667f452fb98effb3e58389df,val,edbe3c89667f452fb98effb3e58389df_1.mp4,1800,3600,True,True,12,0.0,106.15033436213992,0.8281587644654398,72.0,0.5714285714285694,-0.8076083686684716,-0.1,53.4,ok,
ef2273ec61e6474788ac01f0b7989dd8,train,ef2273ec61e6474788ac01f0b7989dd8_1.mp4,1800,3600,True,True,12,0.029261802338513318,123.77083333333333,0.8513169102090101,92.0,1.0909090909090935,-0.8953495657515057,-0.1,56.4,ok,
ef441784762147cbadb0aafe96d0040e,train,ef441784762147cbadb0aafe96d0040e_1.mp4,1800,3600,True,True,12,0.0,72.24672067901234,0.7550863637696287,67.0,0.3333333333333286,-0.7073703514346282,-0.13333333333333333,55.0,ok,
ef4fd663dc7d498fb2741edfc733f974,train,ef4fd663dc7d498fb2741edfc733f974_1.mp4,1800,3600,True,True,12,0.0,86.05838477366255,0.8239097501894745,68.0,-0.18181818181818699,-0.7952014731457514,-0.1,56.7,ok,
efa2dce7b8c742de83ad24e40139b7c1,train,efa2dce7b8c742de83ad24e40139b7c1_1.mp4,1800,3600,True,True,12,0.0,71.51093106995884,0.6985430540285659,94.0,0.25,-0.7763269678211162,-0.1,55.0,ok,
efce857aceb84571a59b981ea4e42da4,train,efce857aceb84571a59b981ea4e42da4_1.mp4,1800,3600,True,True,12,0.0,59.57973251028807,0.8216639408216786,94.0,1.25,-0.8831715991407753,-0.1,58.4,ok,
efe09725161d428a9e6c935a65ddb896,train,efe09725161d428a9e6c935a65ddb896_1.mp4,1800,3600,True,True,12,0.0,51.55594135802469,0.8326264827552089,80.0,1.05263157894737,-0.8133199444332728,-0.1,58.1,ok,
f015cd14d1e043a89b25526c61564ca8,val,f015cd14d1e043a89b25526c61564ca8_1.mp4,1800,3600,True,True,12,0.0,88.85776748971193,0.7783797873771555,70.0,0.2325581395348877,-0.8472811440961734,-0.13333333333333333,57.0,ok,
f0a70a47cda6419eb8d485df5b8cc375,train,f0a70a47cda6419eb8d485df5b8cc375_1.mp4,1800,3600,True,True,12,0.0,129.07259516460906,0.8585063055052455,87.0,-1.235294117647058,-0.4347706433514074,-0.1,54.4,ok,
f1366ffc0a014f1a8bff93843656f000,train,f1366ffc0a014f1a8bff93843656f000_1.mp4,1800,3600,True,True,12,0.0,72.39924125514403,0.8575924415228005,79.0,0.05263157894736992,-0.8965912414227334,-0.06666666666666667,55.2,ok,
f16c859914d744459336d4f47d72845c,val,f16c859914d744459336d4f47d72845c_1.mp4,1800,3600,True,True,12,0.007397670353684588,109.81622942386831,0.8207168700965057,71.0,-0.4285714285714306,-0.8948706844901857,-0.13333333333333333,57.2,ok,
f19c276e76174debaed6ba3421dd8cd2,train,f19c276e76174debaed6ba3421dd8cd2_1.mp4,1800,3600,True,True,12,0.0,68.67772633744856,0.8553800541131356,86.0,0.2857142857142776,-0.9056656372927095,-0.06666666666666667,56.2,ok,
f1ceb6108f274e59b4f1909c59cd4d4c,val,f1ceb6108f274e59b4f1909c59cd4d4c_1.mp4,1800,3600,True,True,12,0.017516308596434913,79.4377572016461,0.8573233031930525,83.0,-0.3333333333333428,-0.8985699167274664,-0.06666666666666667,58.2,ok,
f206f68fabc34ffea15697ff26b601bd,train,f206f68fabc34ffea15697ff26b601bd_1.mp4,1800,3600,True,True,12,0.0,55.177083333333336,0.8177368223785804,79.0,0.05263157894736992,-0.7831930970642181,0.0,54.3,ok,
f25a80300e8643fd9ca1b4316c86eed5,train,f25a80300e8643fd9ca1b4316c86eed5_1.mp4,1800,3600,True,True,12,0.0,57.77912808641975,0.7634109220026251,88.0,-0.235294117647058,-0.879182738778303,-0.1,60.0,ok,
f25a9555f89643e8b6dd3a629e1a6951,train,f25a9555f89643e8b6dd3a629e1a6951_1.mp4,1800,3600,True,True,12,0.0,63.979745370370374,0.9985343374107322,116.0,0.615384615384599,-0.7487945345866083,-0.06666666666666667,56.4,ok,
f285f1185a43452b8ece6d8b1b69bae0,train,f285f1185a43452b8ece6d8b1b69bae0_1.mp4,1800,3600,True,True,12,0.0,71.1997170781893,0.8419575795256968,99.0,-1.0,-0.8654311677222796,-0.06666666666666667,56.4,ok,
f290de1c282543e391edc68e358cea96,train,f290de1c282543e391edc68e358cea96_1.mp4,1800,3600,True,True,12,0.0,106.8056841563786,0.8740365043595517,81.0,2.05263157894737,-0.7913093058090076,-0.06666666666666667,53.3,ok,
f2984a1815854f80814759e72f8ab92c,train,f2984a1815854f80814759e72f8ab92c_1.mp4,1800,3600,True,True,12,0.0,93.80208333333333,0.7769121900395966,92.0,-0.75,-0.7380009345924305,-0.1,53.7,ok,
f2aaf50facb544398f18c8e8758d91a5,train,f2aaf50facb544398f18c8e8758d91a5_1.mp4,1800,3600,True,True,12,0.0,121.6235853909465,0.7896892042795598,85.0,-8.714285714285722,-0.28365854726370354,-0.1,54.7,ok,
f2be469311ce4a4087d82b6afa5cc340,train,f2be469311ce4a4087d82b6afa5cc340_1.mp4,1800,3600,True,True,12,0.0,57.55246913580247,0.7938282287262347,64.0,0.17021276595743728,-0.8121872043851935,-0.13333333333333333,56.3,ok,
f2cd47e96c2a476c8b30ba5f452c5b1f,train,f2cd47e96c2a476c8b30ba5f452c5b1f_1.mp4,1800,3600,True,True,12,0.0,36.2636316872428,0.8281441009113959,102.0,-0.44827586206895376,-0.7831683727153411,-0.03333333333333333,59.1,ok,
f433c38dd40d4a7aa749ba8730062598,train,f433c38dd40d4a7aa749ba8730062598_1.mp4,1800,3600,True,True,12,0.007323817333171305,77.83905606995884,0.8825583640948576,73.0,-0.1707317073170742,-0.8473997593989239,-0.13333333333333333,57.0,ok,
f47f2ff6fe9f475ab3330effaef1a135,train,f47f2ff6fe9f475ab3330effaef1a135_1.mp4,1800,3600,True,True,12,0.04022159028452813,160.78967335390948,0.7057317534510441,90.0,4.764705882352942,-0.7224919112366431,-0.1,56.7,ok,
f4db71c6118b4a948f8f2f2b74d51232,train,f4db71c6118b4a948f8f2f2b74d51232_1.mp4,1800,3600,True,True,12,0.0,79.07150205761317,0.71930399045258,72.0,0.5714285714285694,-0.9001855620939746,-0.06666666666666667,55.4,ok,
f5029a3238ae4978ab4d1ba3fec554f8,train,f5029a3238ae4978ab4d1ba3fec554f8_1.mp4,1800,3600,True,True,12,0.0,93.049704218107,0.801980589726741,68.0,-0.18181818181818699,-0.890311526081232,-0.13333333333333333,53.9,ok,
f5c4b1cc051449e79de86adae85e8cf5,train,f5c4b1cc051449e79de86adae85e8cf5_1.mp4,1800,3600,True,True,12,0.03644414723387581,131.1633230452675,0.8334182149978379,87.0,0.043478260869562746,-0.6673693435416781,-0.13333333333333333,57.0,ok,
f63bbe4e0d9240bb99986adf34984000,train,f63bbe4e0d9240bb99986adf34984000_1.mp4,1800,3600,True,True,12,0.0,74.92721193415638,0.7425855990072747,71.0,0.5714285714285694,-0.7494195286995488,-0.13333333333333333,57.6,ok,
f67d73281b114cc6a40674159021d82d,val,f67d73281b114cc6a40674159021d82d_1.mp4,1800,3600,True,True,12,0.029354121627857038,122.26581790123457,0.7803890333229176,83.0,-0.3333333333333428,-0.5205673982396493,-0.1,54.4,ok,
f689def9cdcb4ed994ba7f8712b39ef3,train,f689def9cdcb4ed994ba7f8712b39ef3_1.mp4,1800,3600,True,True,12,0.0,67.82799639917695,0.7725303877433937,65.0,-0.21739130434782794,-0.7525219227257796,-0.16666666666666666,55.7,ok,
f6bb6c96daa5475da62a052ff7fcdb38,train,f6bb6c96daa5475da62a052ff7fcdb38_1.mp4,1800,3600,True,True,12,0.023143323346225275,101.61696244855968,0.7963331805306344,85.0,1.6666666666666572,-0.8854741904277457,-0.13333333333333333,55.8,ok,
f79874d4bf9b419497f16bfeaba8f358,train,f79874d4bf9b419497f16bfeaba8f358_1.mp4,1800,3600,True,True,12,0.0,43.711548353909464,0.8083717651480447,81.0,-0.0810810810810807,-0.8377673774095739,-0.1,56.8,ok,
f7b6af3dab1e451293d9cea38ff3bf2d,train,f7b6af3dab1e451293d9cea38ff3bf2d_1.mp4,1800,3600,True,True,12,0.0,98.43106995884774,0.8588002063630816,92.0,1.25,-0.18128825135427304,-0.1,54.3,ok,
f7c90e6a1e97412aa2a1ca688bcf86b7,train,f7c90e6a1e97412aa2a1ca688bcf86b7_1.mp4,1800,3600,True,True,9,0.0,101.07259516460906,0.7545966439302423,63.0,20.5,-0.20078851908431375,-0.1,55.6,ok,
f7d7387c987e48348f1ab94b04acf273,train,f7d7387c987e48348f1ab94b04acf273_1.mp4,1800,3600,True,True,12,0.0,142.92586162551441,0.7040360320652124,97.0,1.2258064516128968,-0.6107769716135434,-0.1,54.9,ok,
f839f96338084033bed42590717ca9ac,train,f839f96338084033bed42590717ca9ac_1.mp4,1800,3600,True,True,12,0.0,59.801697530864196,0.8086714421192664,54.0,0.4285714285714306,-0.7983998592715946,-0.2,54.9,ok,
f979c29608a44b5ea536d29016ea6709,train,f979c29608a44b5ea536d29016ea6709_1.mp4,1800,3600,True,True,12,0.0,82.7431841563786,0.8836990125976455,104.0,0.5517241379310462,-0.9105834425329146,-0.03333333333333333,54.1,ok,
fa386ad0292b480aac6e0e05c6d36cf3,train,fa386ad0292b480aac6e0e05c6d36cf3_1.mp4,1800,3600,True,True,12,0.0,120.53317901234568,0.7691566172425619,79.0,0.05263157894736992,-0.4705384686041935,-0.1,52.4,ok,
fa5b0e5da078454aac05c7e7537292d9,train,fa5b0e5da078454aac05c7e7537292d9_1.mp4,1800,3600,True,True,12,0.0,125.84484310699588,0.6406026732532342,89.0,13.25,-0.11413376639907992,-0.03333333333333333,54.6,ok,
faa3534a17a94a268b5f36965652a8a0,train,faa3534a17a94a268b5f36965652a8a0_1.mp4,1800,3600,True,True,12,0.0,48.13046553497942,0.8681096039844856,88.0,-0.235294117647058,-0.9122718066252361,-0.1,54.8,ok,
fad392b041eb45f7b10d2a6ccf038194,train,fad392b041eb45f7b10d2a6ccf038194_1.mp4,1800,3600,True,True,12,0.0,141.20634002057614,0.7086190998501082,72.0,-1.1707317073170742,-0.8621232668221245,-0.06666666666666667,51.9,ok,
fb11ce5d6cb943b7ba06f29bc7adb304,train,fb11ce5d6cb943b7ba06f29bc7adb304_1.mp4,1800,3600,True,True,12,0.018479624573093215,57.11921296296296,0.8267265287649721,68.0,-1.7674418604651123,-0.8905563930605929,-0.13333333333333333,55.4,ok,
fe7142f1ce1840acb569f8b152ec1eee,train,fe7142f1ce1840acb569f8b152ec1eee_1.mp4,1800,3600,True,True,12,0.0,152.34169238683128,0.8917877264809158,87.0,1.2857142857142776,-0.8848016112866118,-0.06666666666666667,49.6,ok,
