subject_id,activity,lighting,motion_class,n_frames,fps,fps_container,grid_rms_ms,usable,brightness,face_detections,box_side_lost,app_frac_side_lost,capture_verdict,ref_accepted,ref_windows,ref_accepted_frac,ref_ok,ref_hr_median,ref_hr_max,ref_windows_off_span,seconds_to_build,status,error
00,01,ambient,low,1800,30.009341429238674,30.0,11.32091508708774,True,24.851658950617285,12,0.0,0.0,ACCEPT,21,21,1.0,True,82.91215515136719,91.0067138671875,0,46.9,skipped,
00,02,ambient,moderate,1800,30.006838690307404,30.0,9.24450939332093,True,25.877829218106996,3,0.0,0.0,ACCEPT,13,21,0.6190476190476191,False,152.01504516601562,170.7803955078125,0,58.0,skipped,
00,03,halogen,low,1800,29.989331199573247,30.0,13.30341443579916,True,41.21624228395062,12,0.0,0.0,ACCEPT,20,21,0.9523809523809523,True,84.07861328125,91.41590881347656,0,60.5,skipped,
00,04,halogen,moderate,1800,30.001834464586494,30.0,9.955455634027919,True,37.947916666666664,5,0.0,0.0,ACCEPT,16,21,0.7619047619047619,False,159.30099487304688,166.36766052246094,0,58.2,skipped,
00,05,ambient,high,1800,29.987831508059543,30.0,11.855607801587984,True,64.23128858024691,12,0.0,0.0,ACCEPT,16,21,0.7619047619047619,False,98.98097229003906,103.0950698852539,0,58.4,skipped,
00,06,ambient,high,1800,30.002835176197863,30.0,13.516099989069271,True,61.37281378600823,10,0.0,0.0,ACCEPT,20,21,0.9523809523809523,True,97.4137191772461,102.0524673461914,0,56.6,skipped,
01,01,ambient,low,1800,28.758232623569285,30.0,1224.6799931442442,True,65.05973508230453,12,0.0,0.0,ACCEPT,20,21,0.9523809523809523,True,80.08242797851562,88.74290466308594,0,57.2,skipped,
01,02,ambient,moderate,1800,29.956372597995138,30.0,30.06088894923087,True,53.6420396090535,11,0.0,0.0,ACCEPT,20,21,0.9523809523809523,True,106.52775573730469,112.83425903320312,0,55.8,skipped,
01,03,halogen,low,1800,29.93942218080149,30.0,22.842085746864793,True,61.84362139917695,12,0.0,0.0,ACCEPT,20,21,0.9523809523809523,True,69.44703674316406,80.6212158203125,0,55.6,skipped,
01,04,halogen,moderate,1800,30.00433636879149,30.0,6.778854594494787,True,74.55574845679013,11,0.0,0.0,ACCEPT,16,21,0.7619047619047619,False,106.4983139038086,126.20528411865234,0,43.5,skipped,
01,05,ambient,high,1800,29.985332355490364,30.0,12.30489169299798,True,56.79269547325103,11,0.0,0.0,ACCEPT,21,21,1.0,True,103.48522186279297,111.98027801513672,0,57.4,skipped,
01,06,ambient,high,1800,30.001834464586494,30.0,7.933996307153889,True,77.16113683127573,3,0.0,0.0,ACCEPT,21,21,1.0,True,110.34201049804688,114.94412231445312,0,56.2,skipped,
02,01,ambient,low,1800,29.994331254793423,30.0,6.896605817729715,True,58.754243827160494,11,0.0,0.0,ACCEPT,21,21,1.0,True,60.936710357666016,66.00712585449219,0,54.7,skipped,
02,02,ambient,moderate,1800,30.00133413381362,30.0,7.825827547762185,True,65.80883487654322,7,0.0,0.0,ACCEPT,19,21,0.9047619047619048,True,111.99668884277344,128.6909942626953,0,54.7,skipped,
02,03,halogen,low,1800,29.99583159649854,30.0,17.65828784287108,True,108.090920781893,11,0.0,0.0,ACCEPT,21,21,1.0,True,71.00759887695312,78.56138610839844,0,56.5,skipped,
02,05,ambient,high,1800,30.00033352232932,30.0,5.025567241816425,True,64.24762088477367,12,0.0,0.0,ACCEPT,19,21,0.9047619047619048,True,91.49522399902344,101.25203704833984,0,58.4,skipped,
02,06,ambient,high,1800,30.002835176197863,30.0,7.692061311625774,True,58.34960133744856,12,0.0,0.0,ACCEPT,20,21,0.9523809523809523,True,110.88743591308594,116.22554016113281,0,63.9,skipped,
03,01,ambient,low,1800,29.992331032643126,30.0,7.849972744364239,True,71.92026748971193,12,0.0,0.0,ACCEPT,21,21,1.0,True,124.73611450195312,153.36361694335938,0,60.1,skipped,
03,02,ambient,moderate,1800,29.868836128175328,30.0,40.8347873144837,True,75.45241769547324,12,0.0,0.0,ACCEPT,14,21,0.6666666666666666,False,136.03173828125,150.04856872558594,0,47.8,skipped,
03,03,halogen,low,1800,29.98683179704299,30.0,10.82479475632286,True,92.00752314814815,11,0.0,0.0,ACCEPT,20,21,0.9523809523809523,True,138.4853515625,165.46632385253906,0,62.8,skipped,
03,04,halogen,moderate,1800,29.992331032643126,30.0,16.716823256241113,True,75.85982510288066,10,0.0,0.0,ACCEPT,20,21,0.9523809523809523,True,162.26939392089844,177.32568359375,0,54.0,skipped,
03,05,ambient,high,1800,29.92746872504658,30.0,14.6971995024812,True,70.35307355967078,12,0.0,0.0,ACCEPT,19,21,0.9047619047619048,True,131.80787658691406,143.13555908203125,0,61.4,skipped,
03,06,ambient,high,1800,30.00133413381362,30.0,8.059005395456534,True,77.10435956790124,12,0.0,0.0,ACCEPT,21,21,1.0,True,120.56554412841797,128.174072265625,0,64.2,skipped,
04,01,ambient,low,1800,29.954876200942437,30.0,15.559279682208572,True,66.66615226337449,12,0.0,0.0,ACCEPT,20,21,0.9523809523809523,True,71.45964813232422,80.8559799194336,0,53.9,skipped,
04,02,ambient,moderate,1800,30.006838690307404,30.0,7.620435784294528,True,76.41589506172839,10,0.0,0.0,ACCEPT,20,21,0.9523809523809523,True,75.4217529296875,80.92141723632812,0,47.9,skipped,
04,03,halogen,low,1800,30.001834464586494,30.0,8.678891876827205,True,84.85866769547324,12,0.0,0.0,ACCEPT,20,21,0.9523809523809523,True,67.41825866699219,76.01995086669922,0,53.0,skipped,
04,04,halogen,moderate,1800,30.00233481204763,30.0,10.15231381660978,True,97.04436728395062,9,0.0,0.0,ACCEPT,21,21,1.0,True,91.7519302368164,104.21272277832031,0,56.0,skipped,
04,05,ambient,high,1800,30.002835176197863,30.0,9.826685765358441,True,102.36998456790124,12,0.0,0.0,ACCEPT,19,21,0.9047619047619048,True,104.20221710205078,132.802490234375,0,58.8,skipped,
04,06,ambient,high,1800,29.99033107725136,30.0,8.98612646790358,True,88.92997685185185,11,0.0,0.0,ACCEPT,19,21,0.9047619047619048,True,125.13134765625,140.77183532714844,0,43.4,skipped,
05,01,ambient,low,1800,30.010342641710874,30.0,13.414596584107356,True,99.73971193415638,12,0.0,0.0,ACCEPT,21,21,1.0,True,95.58848571777344,107.86373901367188,0,57.8,skipped,
05,02,ambient,moderate,1800,30.003335557038024,30.0,7.73437949884971,True,91.70241769547324,10,0.0,0.0,ACCEPT,20,21,0.9523809523809523,True,116.85888671875,118.1623764038086,0,44.8,skipped,
05,03,halogen,low,1800,30.00834028356964,30.0,8.897069655479207,True,105.92939814814815,12,0.0,0.0,ACCEPT,20,21,0.9523809523809523,True,95.57258605957031,105.68048095703125,0,55.4,skipped,
05,04,halogen,moderate,1800,30.00083381972817,30.0,7.167860425166955,True,111.25205761316873,9,0.0,0.0,ACCEPT,19,21,0.9047619047619048,True,113.8548583984375,121.64825439453125,0,52.6,skipped,
05,05,ambient,high,1800,30.00133413381362,30.0,10.80939564788852,True,123.7190072016461,11,0.0,0.0,ACCEPT,20,21,0.9523809523809523,True,127.21968841552734,136.2129669189453,0,53.9,skipped,
05,06,ambient,high,1800,29.989331199573247,30.0,11.358360673497648,True,79.58854166666667,9,0.0,0.0,ACCEPT,19,21,0.9047619047619048,True,109.0,119.00194549560547,0,56.4,skipped,
06,01,ambient,low,1800,30.002835176197863,30.0,9.787360208555643,True,119.84882973251028,12,0.0,0.0,ACCEPT,21,21,1.0,True,94.56790161132812,100.33617401123047,0,45.2,skipped,
06,02,ambient,moderate,1800,29.9953314659197,30.0,11.315928907696154,True,135.06185699588477,10,0.0,0.0,ACCEPT,20,21,0.9523809523809523,True,111.66050720214844,119.66214752197266,0,55.9,skipped,
06,03,halogen,low,1800,29.98133457769482,30.0,18.429154086699832,True,115.6676311728395,12,0.0,0.0,ACCEPT,20,21,0.9523809523809523,True,97.18508911132812,110.1072998046875,0,56.7,skipped,
06,04,halogen,moderate,1800,29.99033107725136,30.0,13.90223777113457,True,90.15670010288066,8,0.0,0.0,ACCEPT,21,21,1.0,True,125.36446380615234,133.99549865722656,0,55.6,skipped,
06,05,ambient,high,1800,29.98133457769482,30.0,22.21258622348766,True,104.92463991769547,12,0.0,0.0,ACCEPT,19,21,0.9047619047619048,True,146.05801391601562,159.63653564453125,0,57.9,skipped,
06,06,ambient,high,1800,29.8737960810362,30.0,38.9592656958065,True,111.35474537037037,12,0.0,0.0,ACCEPT,18,21,0.8571428571428571,True,148.3810272216797,159.6388702392578,0,55.1,skipped,
07,01,ambient,low,1800,29.99633174375563,30.0,15.922822860702823,True,81.84812242798354,12,0.0,0.0,ACCEPT,20,21,0.9523809523809523,True,82.28627014160156,91.03483581542969,0,56.3,skipped,
07,03,halogen,low,1800,29.893155647131156,30.0,32.57349812909785,True,88.09561471193416,12,0.0,0.0,ACCEPT,21,21,1.0,True,92.3735122680664,104.3257064819336,0,57.2,skipped,
07,04,halogen,moderate,1800,29.999833241616223,30.0,7.801932237050783,True,89.48000257201646,9,0.0,0.0,ACCEPT,20,21,0.9523809523809523,True,89.46421813964844,98.63594818115234,0,55.2,skipped,
07,05,ambient,high,1800,30.002835176197863,30.0,6.866619745334552,True,163.20865483539094,12,0.08832865415423728,0.04968486796175848,REJECT,20,21,0.9523809523809523,True,115.25587463378906,127.13896179199219,0,55.2,skipped,
07,06,ambient,high,1800,29.979835685836655,30.0,13.923686278763665,True,74.86638374485597,12,0.0,0.0,ACCEPT,21,21,1.0,True,94.72412109375,104.20466613769531,0,54.3,skipped,
08,01,ambient,low,1800,29.990831041093607,30.0,12.702623242688164,True,99.94206532921811,12,0.0,0.0,ACCEPT,21,21,1.0,True,64.52284240722656,67.92988586425781,0,57.7,skipped,
08,02,ambient,moderate,1800,30.015850504713438,30.0,12.761297955775534,True,97.75212191358025,8,0.0,0.0,ACCEPT,5,21,0.23809523809523808,False,136.05738830566406,144.25636291503906,0,54.6,skipped,
08,03,halogen,low,1800,29.983833063884397,30.0,11.800486300431483,True,131.789737654321,12,0.0,0.0,ACCEPT,19,21,0.9047619047619048,True,111.82596588134766,119.54828643798828,0,57.4,skipped,
08,04,halogen,moderate,1800,30.006338192614336,30.0,13.296705412305577,True,142.71225565843622,8,0.0,0.0,ACCEPT,11,21,0.5238095238095238,False,137.47637939453125,155.95701599121094,0,58.8,skipped,
08,05,ambient,high,1800,28.158211898761913,30.0,2226.357247387165,True,148.20505401234567,11,0.09299393734002596,0.052309089753764616,REJECT,14,21,0.6666666666666666,False,134.10702514648438,143.60301208496094,21,63.4,skipped,
08,06,ambient,high,1800,30.00133413381362,30.0,7.774105107123372,True,117.7309670781893,10,0.06748359682302305,0.03795952321295046,REJECT,15,21,0.7142857142857143,False,139.1076202392578,166.36831665039062,0,66.1,skipped,
09,01,ambient,low,1800,30.006338192614336,30.0,7.841930685951538,True,87.99305555555556,12,0.0,0.0,ACCEPT,21,21,1.0,True,107.09223937988281,111.3111572265625,0,61.2,skipped,
09,02,ambient,moderate,1800,29.998332499583125,30.0,8.2696708149746,True,73.08712705761317,11,0.0,0.0,ACCEPT,5,21,0.23809523809523808,False,153.56964111328125,160.3279266357422,0,54.5,skipped,
09,03,halogen,low,1800,30.005837711617048,30.0,7.940404783842764,True,137.69161522633746,12,0.0,0.0,ACCEPT,21,21,1.0,True,130.0308074951172,144.29197692871094,0,56.7,skipped,
09,04,halogen,moderate,1800,30.012345267091522,30.0,9.458696899309542,True,83.60223765432099,10,0.0,0.0,ACCEPT,13,21,0.6190476190476191,False,163.1141815185547,169.2642364501953,0,54.9,skipped,
09,05,ambient,high,1800,30.005837711617048,30.0,7.088686486380477,True,146.81295010288065,12,0.0,0.0,ACCEPT,19,21,0.9047619047619048,True,149.49319458007812,156.30014038085938,0,57.4,skipped,
09,06,ambient,high,1800,30.00033352232932,30.0,6.659237000598744,True,71.38657407407408,12,0.0,0.0,ACCEPT,20,21,0.9523809523809523,True,136.97918701171875,146.05364990234375,0,59.9,skipped,
10,01,ambient,low,1800,29.98883128573572,30.0,10.673031212054712,True,92.80793467078189,12,0.0,0.0,ACCEPT,20,21,0.9523809523809523,True,84.9013900756836,96.74874114990234,0,45.1,skipped,
10,02,ambient,moderate,1800,29.997832285604712,30.0,9.41526115499593,True,75.20145318930041,9,0.0,0.0,ACCEPT,17,21,0.8095238095238095,True,115.13870239257812,131.33438110351562,0,54.4,skipped,
10,03,halogen,low,1800,29.984332811093704,30.0,12.267135595038194,True,93.91602366255144,12,0.0,0.0,ACCEPT,20,21,0.9523809523809523,True,92.21585083007812,102.77423858642578,0,54.6,skipped,
10,04,halogen,moderate,1800,29.99633174375563,30.0,7.529426115856135,True,84.32253086419753,9,0.0,0.0,ACCEPT,20,21,0.9523809523809523,True,117.83045196533203,126.19279479980469,0,53.5,skipped,
10,05,ambient,high,1800,29.922988639576854,30.0,46.16211115843079,True,99.12602880658436,12,0.0,0.0,ACCEPT,19,21,0.9047619047619048,True,122.98816680908203,142.90054321289062,0,62.1,skipped,
10,06,ambient,high,1800,30.009341429238674,30.0,10.142969531646122,True,86.99157664609054,12,0.06448606957704717,0.03627341413708904,REJECT,17,21,0.8095238095238095,True,138.70567321777344,154.70738220214844,0,63.1,skipped,
11,01,ambient,low,1800,30.003835954568952,30.0,8.238859888806395,True,31.86053240740741,12,0.0,0.0,ACCEPT,16,21,0.7619047619047619,False,125.05606079101562,131.22509765625,0,57.4,skipped,
11,02,ambient,moderate,1800,29.92896238500058,30.0,33.72769899903828,True,30.81005658436214,12,0.0,0.0,ACCEPT,17,21,0.8095238095238095,True,94.11029052734375,111.51966857910156,0,53.8,skipped,
11,03,halogen,low,1800,29.958368026644465,30.0,46.278833743095944,True,54.704282407407405,11,0.0,0.0,ACCEPT,20,21,0.9523809523809523,True,94.15232849121094,125.72285461425781,0,44.1,skipped,
11,04,halogen,moderate,1800,29.977837396477312,30.0,12.673769678098749,True,56.97942386831276,12,0.0,0.0,ACCEPT,18,21,0.8571428571428571,True,124.50135040283203,133.99032592773438,0,52.3,skipped,
11,05,ambient,high,1800,30.007339204697093,30.0,9.887950280431518,True,49.96180555555556,12,0.0,0.0,ACCEPT,21,21,1.0,True,94.0,98.35784912109375,0,58.1,skipped,
11,06,ambient,high,1800,29.99033107725136,30.0,10.055604785039225,True,73.8036908436214,12,0.0,0.0,ACCEPT,19,21,0.9047619047619048,True,101.5438003540039,111.99161529541016,0,61.2,skipped,
12,01,ambient,low,1800,30.005837711617048,30.0,8.78861186658219,True,31.917309670781894,11,0.0,0.0,ACCEPT,20,21,0.9523809523809523,True,113.72074127197266,127.89293670654297,0,47.4,skipped,
12,02,ambient,moderate,1800,30.00033352232932,30.0,18.456695093885315,True,34.03491512345679,6,0.0,0.0,ACCEPT,21,21,1.0,True,110.92452239990234,121.49340057373047,0,16.7,skipped,
12,03,halogen,low,1800,30.00884084805418,30.0,8.25081990254653,True,27.769868827160494,7,0.0,0.0,ACCEPT,20,21,0.9523809523809523,True,98.69429016113281,111.70940399169922,0,24.4,skipped,
12,04,halogen,moderate,1800,30.015850504713438,30.0,12.877103983613557,True,31.076003086419753,9,0.0,0.0,ACCEPT,16,21,0.7619047619047619,False,111.25064086914062,131.62925720214844,0,24.3,skipped,
12,05,ambient,high,1800,30.00133413381362,30.0,10.977123880248119,True,57.66968878600823,12,0.0,0.0,ACCEPT,20,21,0.9523809523809523,True,119.00904846191406,130.4691619873047,0,16.5,skipped,
12,06,ambient,high,1800,30.001834464586494,30.0,5.72507395346045,True,83.97100051440329,12,0.0,0.0,ACCEPT,20,21,0.9523809523809523,True,110.10391998291016,115.33039093017578,0,19.5,skipped,
13,01,ambient,low,1800,29.983333333333334,30.0,14.110728837764588,True,34.18512088477366,12,0.0,0.0,ACCEPT,21,21,1.0,True,55.19661331176758,58.33723449707031,0,24.8,skipped,
13,02,ambient,moderate,1800,30.00433636879149,30.0,6.881439703052013,True,32.096579218106996,7,0.0,0.0,ACCEPT,19,21,0.9047619047619048,True,89.20211029052734,91.50670623779297,0,17.1,skipped,
13,03,halogen,low,1800,30.00083381972817,30.0,6.194327513440973,True,56.913065843621396,11,0.0,0.0,ACCEPT,21,21,1.0,True,63.40333938598633,73.54363250732422,0,52.1,ok,
13,04,halogen,moderate,1800,30.01384741153506,30.0,11.806096774361743,True,58.17438271604938,6,0.0,0.0,ACCEPT,20,21,0.9523809523809523,True,134.2445526123047,136.42897033691406,0,24.4,ok,
13,05,ambient,high,1800,29.946399440689817,30.0,41.874532629488904,True,83.62660751028807,12,0.0,0.0,ACCEPT,20,21,0.9523809523809523,True,77.36627960205078,81.75315856933594,0,17.4,ok,
13,06,ambient,high,1800,30.001834464586494,30.0,6.511160822938918,True,84.28079989711934,12,0.0,0.0,ACCEPT,21,21,1.0,True,125.53079986572266,134.4886932373047,0,26.1,ok,
14,01,ambient,low,1800,29.954876200942437,30.0,22.082650094718048,True,27.55150462962963,11,0.0,0.0,ACCEPT,21,21,1.0,True,81.65984344482422,87.64022827148438,0,25.5,ok,
14,02,ambient,moderate,1800,29.98483257496208,30.0,9.179605033659204,True,27.18994341563786,9,0.0,0.0,ACCEPT,16,21,0.7619047619047619,False,114.96538543701172,129.1846160888672,0,27.5,ok,
14,03,halogen,low,1800,30.00884084805418,30.0,11.129678403174763,True,52.53247170781893,9,0.0,0.0,ACCEPT,21,21,1.0,True,96.6919174194336,114.67679595947266,0,20.6,ok,
14,04,halogen,moderate,1800,29.964855006079585,30.0,29.626866350127553,True,58.32163065843621,7,0.0,0.0,ACCEPT,16,21,0.7619047619047619,False,118.19611358642578,136.13043212890625,0,19.3,ok,
14,05,ambient,high,1800,30.006838690307404,30.0,9.888271611231515,True,33.160879629629626,12,0.0,0.0,ACCEPT,20,21,0.9523809523809523,True,115.3651123046875,125.0,0,18.3,ok,
14,06,ambient,high,1800,29.999833241616223,30.0,6.6915338330348675,True,42.14223251028807,7,0.0,0.0,ACCEPT,18,21,0.8571428571428571,True,137.28720092773438,149.1961669921875,0,25.4,ok,
15,01,ambient,low,1800,30.00834028356964,30.0,10.657122990655399,True,23.000192901234566,12,0.0,0.0,ACCEPT,20,21,0.9523809523809523,True,85.53762817382812,109.59730529785156,0,26.2,ok,
15,02,ambient,moderate,1800,29.980335299803354,30.0,11.590746776888103,True,19.43846450617284,11,0.0,0.0,ACCEPT,21,21,1.0,True,110.4848861694336,121.84591674804688,0,25.4,ok,
15,03,halogen,low,1800,29.478755305028923,30.0,296.8291654098674,True,45.91891718106996,12,0.0,0.0,ACCEPT,21,21,1.0,True,92.0,98.27664947509766,0,16.7,ok,
15,04,halogen,moderate,1800,29.99583159649854,30.0,7.004376606883977,True,50.119663065843625,7,0.0,0.0,ACCEPT,14,21,0.6666666666666666,False,132.96609497070312,150.07211303710938,0,52.4,ok,
15,05,ambient,high,1800,29.966851564972597,30.0,10.807219798235943,True,27.149369855967077,12,0.0,0.0,ACCEPT,19,21,0.9047619047619048,True,116.99440002441406,128.17852783203125,0,56.5,ok,
15,06,ambient,high,1800,29.98833138856476,30.0,15.429348587198472,True,39.684863683127574,12,0.0,0.0,ACCEPT,21,21,1.0,True,101.84027099609375,110.3262939453125,0,62.0,ok,
16,01,ambient,low,1800,30.012845965199112,30.0,13.686025451941978,True,39.329475308641975,12,0.0,0.0,ACCEPT,21,21,1.0,True,83.36679077148438,92.92692565917969,0,55.1,ok,
16,02,ambient,moderate,1800,30.00133413381362,30.0,7.484730288019524,True,42.34349279835391,9,0.0,0.0,ACCEPT,17,21,0.8095238095238095,True,98.72650909423828,117.23773193359375,0,56.5,ok,
16,03,halogen,low,1800,29.92448185235703,30.0,20.792156902715085,True,65.18987911522633,11,0.0,0.0,ACCEPT,19,21,0.9047619047619048,True,70.2203369140625,89.0948715209961,0,44.1,ok,
16,04,halogen,moderate,1800,30.00834028356964,30.0,11.094747626583999,True,62.041859567901234,5,0.0,0.0,ACCEPT,13,21,0.6190476190476191,False,156.14561462402344,156.98069763183594,0,54.9,ok,
16,05,ambient,high,1800,30.004836799706457,30.0,9.619552079538805,True,65.3346836419753,12,0.0,0.0,ACCEPT,21,21,1.0,True,100.01620483398438,104.15878295898438,0,58.8,ok,
16,06,ambient,high,1800,29.985832152679393,30.0,11.641065154598852,True,87.85133744855968,12,0.0,0.0,ACCEPT,19,21,0.9047619047619048,True,106.66500854492188,114.70922088623047,0,59.8,ok,
