guid,split
01d8e9a045324c078970b530c1e4e924,train
0216c80cb7e8496b8756e4159a79201a,train
03443e465e1c4a3fa0dc4b34bf21caf1,train
046e64ac7b284ef88e859f77b3370764,train
04dd2594c9eb4cd596fd577b574ea1d9,train
091c53d170bc418db259f7f68beb753c,train
0963f27050374a48bc2fdd76803be70f,train
099a7d49d68d41c7b46547db01328127,val
09eeac505d7042e79b60f9466e7d3e63,val
0ab681d240fd46cfa3c65a3ff0731a25,val
0c191227900e4daeab19441d03638574,train
0c524b4bd8804c83be379826f45f87a4,train
0dc918323b014a779fd3f84badde4e91,val
0f1bf857e23a43a6ae8e9d97874951c9,train
10c24cee6f644a5bbe8c61813ecc162b,train
10e71085269646ad93af97f459753aa5,train
12b57fe275ab417d9b240e94084d5867,train
1320fa10a9344de1976505941faf3758,train
14626f721d874bf6be6b86843b35f973,train
17239ec2f67f418a8d77cb134c70a84b,train
17b643400b684f099c2918aacd682e96,train
19276f2c5f604ee2aee883ba6bd74bf0,train
1ab22305e7d645ecaeced28c6e2f4e63,train
1adb66cd9f1843c8b4a5fdea799108b0,train
1af9909507524013beb0e6bf028ee55d,val
1bb88b463bfc4996972ab47fd5969abb,val
1f3ef7922c7448f0be5990f1802e8f3e,train
1f74a153270c4097a42be324e364e0e4,val
1fc705d48b694379813d2b1f4238f5d9,train
21e7642fa6444cdaa4169d9df2c2827d,train
22e09d7c883f461b9d533ffaed4559c6,train
24e4101b2b204ae2a96585e271151baa,train
25595b3340dd439793fd0b6c37e98e92,train
25a540192b704ec797e3bec04baaffe3,train
265f65b0897b4e299e510d507f4bb4fa,train
27af638584c84805b6cee39da419c468,val
285cf395161f474d8b4384d8445c27c1,val
292a0f04830347f796105ada3b92fe83,train
29ddffacae9d41acb374beeb87c5ac61,train
2bba0bd0765141dda07430f338bb6fde,train
2c1236b1929447b696c224dbe14559b6,train
2dc478a51028432091781023d77f1b31,train
2ee1b51cb94f4ace853a8f14c927e198,train
2ffca8a697a84ed99e99c12d2872a89a,train
305e4de2155b4ecc97e69589d260767d,train
307ed164161e4192b11f33656366621d,train
3364d7817f6f4dc38fcfe0fe0bec613b,train
343c93f2ac4640bcbf49829fb6a2d019,train
36492b61b6824d2ba3e51ec75c9f50d2,train
36c68d7a1a6c4d8baf6c62bdfda28163,val
386cb716007047278313dabbb803747f,train
3a984624685740faab11a6d922bedc00,train
3b0fddd9a2b145a097d054f04d719361,train
3f5a86e870844f7a8de071bed6c65b3b,train
40e7fea4581c493d8c98d2e3d1db7365,train
43013ee2d6b041f58a39b22defa333cb,train
443b8350052f49edae003da555d170c1,train
45c99b0a76ad4d96b05f7e73d46275b3,train
46b49393b1d84f288a79139980ecb53d,val
4a1f69d79b504b03acc6667e8952ce95,train
4b4c7374a6a84537b39b5ba782448551,train
4c8e0921893348708b46ba823d680f5c,train
4cfee68f438e48c18e51c960890fd7fa,val
4f4ad7e5f88e47e589f0c200b4172c68,train
4f76357aa986479197fdfce01be74010,train
508bf1138ab4496aac4eb4a2753f5927,train
521493c4ad294033a9e73c6bdd7f2267,train
52366a9342b547f6a73370ac5c938391,train
52b3a9fc6d344dfab877df0d41853a69,train
53850b4c0ea841ee9a81e898ad17d057,train
5479b03ec19345eb87b4cf164a2c1931,val
55f2a465487141f3ad75a3138f716a9e,train
5676fa9ea366402990a07177517d5f8a,train
57aedc2e0ae54d8b90f59756370db48e,train
57e25178a724499fb4f7d591ca2bb507,train
59aad81b89014396be7d8a8bc2673d6c,train
5a8930fbf0d64986982cf285ae7f178b,val
5cc5480e611d4a49ab4abc6eac5a5380,val
5d913fbe5b2a437497cc5cea0b6076ff,train
5dbe6b0ea57747d28b1e45a41df2e88e,train
5edae78fa818432681fe47121f915fb5,train
5f260ccff79d47368ab2d257d2c3b860,val
5f69b4736cb34e5d890b187c9a019731,train
640a176d4d724975ad890ffb8c5753eb,train
64b4d385dda242198ae2b2baedfc4b2d,train
64c59c96ed30466ca3e4a1f6a30e4498,train
6708a63072dc401492cc38fbd0f50d6c,train
6a9b72c3f8b34c4181050ae1cb75d28b,train
6c8342a2f5034698ab1c3f5c1a4e501f,train
6f1c78bcd51641f6840533eb94451abb,train
70612f6a88cc4ccfb3df5bcfada87d52,train
7080b3e577ef4dd99f29417cff2ca213,train
7114242e5f37478c97b6291e1594d212,train
713b79a424fe4ee6a7370e3fd94a850f,train
748ecd392c6e463ea8fef4cbed1bc55a,train
74dc1f2aeff44d73a807287fa3f3966d,train
7518eeee382f429483c98c577fc58aa3,train
752bd562202a4a16985cf648e7948a4e,train
758dc28f0fe34f26bcb42b1653248968,train
75e11dcba0544a36b8e777d48adb2a7e,train
779febf2f0a1473fb3051a7eeeb544db,train
7937d7f2efa040caa8bc03dac3d6c649,train
7bb7053a99644f8e99e0efdb0df0c36b,val
7cf52b2a6d144218a25796580fe81ba2,train
7d99daff67b04d32a007ecfa3c951f12,train
7dd3937d5ff74c82883425fdc6e119e7,train
8267f41f3ff04aa6b9daafd80b97377e,train
841bf1e1830a41feb8a7b9e4391c8001,train
844b217df44646e6874478dee111c47d,train
87b00a4282684a73989048d17b09998c,train
88387ada05ee4e9790e5180104fb16f5,train
887034fa29514503ae59ac8e1fb1d12f,train
8948c01a6b404f9ab462a8f576dc39b4,train
894d5d79128548bc817c6f339937b8e8,train
8a4d2c63a0834bafa48cf381cf2944de,train
8bde9446f0a04b278ff7e703ccda967f,val
8c16b1a3b81f46a28c355ccd35eafe60,train
8e9febe3b80548098591d6078f82f911,train
91525b5bb6ba426bb102dc6ec0603896,val
9283fdfe77aa44518d02d76f7a947923,train
92e8ce43e90f413890bccd16d9a98505,train
936826bf46da4b009902814d36f4b133,train
94ddbeb5e0054e24ba94001d6a40d659,train
9666069212c4423b99204b420689d0e4,train
973d1d1e398f4ab6b97f3dc7c8db0433,train
97926adbd9394ae3a312066da97c544e,train
97bf2b2c068a4189b50c89107b53ff78,train
97c2a06882ec47febf3a3d5e0d49c61b,val
97e3674acf724852a8422c2fb2327e1f,train
97f3a44516f742e3b54a4bfccba385b1,train
9863fba1787c4473ad28987a0e28dea3,train
9bd99a6eec374294a029545ac8ddd857,train
9cbe714142d04032af0a529d54afe2a0,train
9d4a862e9f3242839fdab56569481bc2,val
9edf905c8854486a88935f74ea471933,val
9faf62d34bb84bd48ba77c54a9d2267a,train
a05afbdad1814fb9b395690cb9c028eb,train
a22c3fc58d244c80918f6b06e714973f,train
ac6cea2eff654b8782b39ac0ce44e3fe,train
ae651789abc44b1ea9a2439626333c94,train
ae67a1fd92d24433a51bafccba10c467,train
ae83325b5d944d91a6a85363f8cd1619,train
af08dd132e2d4943af9595549594e172,val
b112bbe6955241d9a83e3417efa9846a,train
b2ec9f36e4b84ebbb30954c237582ffc,train
b3a4d5c4ddfd4a66ad93c21e88ad4198,train
b3f86eb889024a81ba71db3adb46749e,train
b3fe2c7a8cdd4dc7b657b4b82d2adc86,val
b44657d791854c15b05569a390f530a0,val
b6d50b6f776e407eabf33ea619ca22e6,train
b7dc9a1c81ea4303bfee399476750561,train
b890ed1e90b5478590c9774064475274,val
bc7506acefaf48c1adc4056e6a1ecb63,train
bcb411c992334b3ab3d04e52f7f9bd59,train
bef4b91f6f0443b68c8f3cf3f37ab333,train
bf065d60a06942279a04b38c9403bf54,val
c005165bdd254e24abc8fd53605b06fb,train
c2ae6bd4e53a488b8d880c37cad25718,train
c342b539b90e45e69ef57b334ac668ac,train
c3729a412dc64d2999d4d89490826642,train
c474646ed7a24daf84d16e0da5116e48,val
c4d6df20b6424c46a54fff47166bc1a5,val
c73b319a03bc467bbe88f512d2f8137d,val
c744da3083d843b1a259d4e6eaeed454,train
c8e3b665d809404598a970bec7cf603b,train
c8efd4f6e3324133a6d1caf7fae9a838,val
c900c694e40a4e45bed1800afb309501,train
c9e842581fed4165a359e6dd33d65462,train
c9ed33f0a46348e8a03415b5fc117f7c,train
ca111be8b02a4c5a84f2efd5d0846cef,train
ca27050fd44f44279f808a7c2f447e4e,train
ca4523c23f4a42129a661af653ea52b7,train
ca6b5566244b4ff6bb88ece47ac4f0be,train
ca950d84deb841129b2296c2dbb6ff9b,train
cac2a62471f648bbb65b4f4dd8dfb560,val
cae1efd2518a4bedb1c7b5400359ffb8,train
cb366cf4c8e7443e80a1f095ed5c1f55,train
cbb24c3d9bf441ada6f946e0f0132d5f,train
cc064aee913349d1a5cdcb4e489581e7,train
cc5174d5c6d1421583dcec845149e7a2,train
cc7f84a1ec694723a52834b31faf7d04,val
ccbb5ab159df45349fc97060c9b756e1,train
ccf833394c2344f0811f7a6e4044aa08,train
cd80e7a73c9841c39a5651bc7d48fa58,train
ce0b4a52b7754ea89c69716f97597c48,val
ce568493a744477f829dc361b6b03680,train
ce664c8f5d0a40bab68c40ce33955c2a,val
ce9cd72dbfde49389c0ff89561d906a3,train
cf01ece5d95b4bf3b9f133f4adb22d6a,train
cf9daa96be9c47dcafe3d7a980467e95,val
cfcdc9715d2b455bb4f1c5f12ad9d0ed,train
d0522df1841c4a2e9a382e1cb9858a9e,train
d112c38f27324b338508de990c1ed57c,val
d13ee28a2a634fb89986bd74f5687cea,train
d144ac2035c24bf58cd4bae2074adb14,train
d15b3986873440b68fd331e4dbb915f5,train
d19312711595459287ecf8cf7f447bbe,train
d196ba9d45114dca95cc99d0f06ce869,train
d1e89bdf13e44c9f9639829abc120bf5,val
d2a7260a64524849b1169784654bec66,train
d2b19751d2ea4689817e96f4b6544bbb,val
d36b3fdb3cc545a7ae8171dc72048ed3,train
d370b9cae222437e91ca35943ee929da,train
d3f7af09e103481cb2604b46aab90a24,train
d460c0c5bf34480bb03765d975d06ab7,val
d4847f8a599342bb9ac9f6716f0aafe5,train
d4c8ad3a55a042feaa7858a84a7dcc56,val
d500b98614d04db08831256ae0602246,val
d5c89b92c04a4988b61c43e1247a7b8e,val
d6442902ad334256ad66671a528f4d76,train
d7571cd3cd3c41168af9565538aea988,train
d76fb6b504cb4e828068803482e5104e,val
d789522164084e6bbc52d3c28de915b5,train
d7b2345c601b45b895fda018a63f8e1d,train
d86945fa5820419d90318e61e4d129b0,val
d93d1e00d9b8442bb79f9786441ed3df,val
d97b1853046a49af990e04db1857131e,train
d9f9312c449d47ce95b1511f1eb75a31,val
da54e12db0074f4eabefc5324288dfa7,train
dad971c22b5942c9b075e66e775c2edb,train
db0fec1a8e9b437aa4b7b62340e9b5c3,train
db683f2a47354f03bb802ef1ace24441,train
dbe2ab227af146e0b4bcd25875a0fbf6,train
dc59c97256b0406abf998f3eb422e1e5,train
de0e14674255440aba992b2d2e6073cb,train
dfd2785e66324c1181c57bd253556a92,train
dfd2d6ca5d324a859f0bbf2bbdef7ae1,train
e06fc0a2ee4b445e90ba365de6f93aa3,val
e078c9fee11c4bd2bba87cfbb078e2a7,val
e0ea059f4d6345b2bb93a041d6a414e1,train
e1c7a186f54748438502499faf12339e,train
e1d0f94453d546c498c9ac1e39036cf3,val
e1d47360013040a2b761c5146206408c,train
e24c6830e5d045c9b4ef392a06eb5dad,train
e28e42fe2e124a1a87f18eb04c000381,val
e2cd33efb7d0455d916d6b37e4f5398d,train
e2d025d0afe8465abc80e1929a4e6ebb,train
e2e5790dd7774bf3a6a09f4472c30adb,train
e3f819720bc04493aec20c4e092996ea,train
e402ca812ac440ab83f768a4b87b6582,train
e42020799c194c3ca44b1fd495b154d2,train
e678de6c14e44643ab9532a61ee1df2f,train
e6a39019a3984949a52b983051d932d1,val
e7f8dbea07f5453f99fd01a775a60b9e,train
e7fe69e71a8949ca8590b684497973a2,train
e80ff67d87ab43d1ab3c621f12311b41,train
e84982423fa14460bef64f85f2cbbaeb,val
e854da7c4fd64fc9a5d2474ef69d860a,val
e88aff40a1f848778111977ef405b356,train
e8e7da282e2c461f80cca9c7491e21f2,val
e9f6bbee86b74829aca704dbc67f7bb0,train
eac1584c55384a33909e1d83ef66612a,train
eb86c40382ef47e8a31304f8ae8cbd63,train
ec58ee1867224d52b6ffbcbe00aa78bc,train
eca59d0c214c47db9e2d34bb1c541745,train
ed5104cf472946cabfbd410c2e97b145,train
edaa8feed63742979c53f1b72ab65ec8,train
edbe3c89667f452fb98effb3e58389df,val
ef2273ec61e6474788ac01f0b7989dd8,train
ef441784762147cbadb0aafe96d0040e,train
ef4fd663dc7d498fb2741edfc733f974,train
efa2dce7b8c742de83ad24e40139b7c1,train
efce857aceb84571a59b981ea4e42da4,train
efe09725161d428a9e6c935a65ddb896,train
f015cd14d1e043a89b25526c61564ca8,val
f0a70a47cda6419eb8d485df5b8cc375,train
f1366ffc0a014f1a8bff93843656f000,train
f16c859914d744459336d4f47d72845c,val
f19c276e76174debaed6ba3421dd8cd2,train
f1ceb6108f274e59b4f1909c59cd4d4c,val
f206f68fabc34ffea15697ff26b601bd,train
f25a80300e8643fd9ca1b4316c86eed5,train
f25a9555f89643e8b6dd3a629e1a6951,train
f285f1185a43452b8ece6d8b1b69bae0,train
f290de1c282543e391edc68e358cea96,train
f2984a1815854f80814759e72f8ab92c,train
f2aaf50facb544398f18c8e8758d91a5,train
f2be469311ce4a4087d82b6afa5cc340,train
f2cd47e96c2a476c8b30ba5f452c5b1f,train
f433c38dd40d4a7aa749ba8730062598,train
f47f2ff6fe9f475ab3330effaef1a135,train
f4db71c6118b4a948f8f2f2b74d51232,train
f5029a3238ae4978ab4d1ba3fec554f8,train
f5c4b1cc051449e79de86adae85e8cf5,train
f63bbe4e0d9240bb99986adf34984000,train
f67d73281b114cc6a40674159021d82d,val
f689def9cdcb4ed994ba7f8712b39ef3,train
f6bb6c96daa5475da62a052ff7fcdb38,train
f79874d4bf9b419497f16bfeaba8f358,train
f7b6af3dab1e451293d9cea38ff3bf2d,train
f7c90e6a1e97412aa2a1ca688bcf86b7,train
f7d7387c987e48348f1ab94b04acf273,train
f839f96338084033bed42590717ca9ac,train
f979c29608a44b5ea536d29016ea6709,train
fa386ad0292b480aac6e0e05c6d36cf3,train
fa5b0e5da078454aac05c7e7537292d9,train
faa3534a17a94a268b5f36965652a8a0,train
fad392b041eb45f7b10d2a6ccf038194,train
fb11ce5d6cb943b7ba06f29bc7adb304,train
fe7142f1ce1840acb569f8b152ec1eee,train
